Copyright 1986-2022 Xilinx, Inc. All Rights Reserved. Copyright 2022-2025 Advanced Micro Devices, Inc. All Rights Reserved.
------------------------------------------------------------------------------------------------------------------------------------------------------------------------------------------------------
| Tool Version : Vivado v.2025.1 (win64) Build 6140274 Thu May 22 00:12:29 MDT 2025
| Date         : Sun Sep 13 21:43:59 2026
| Host         : Samsung-Galaxybook-4 running 64-bit major release  (build 9200)
| Command      : report_timing_summary -max_paths 10 -report_unconstrained -file top_timing_summary_routed.rpt -pb top_timing_summary_routed.pb -rpx top_timing_summary_routed.rpx -warn_on_violation
| Design       : top
| Device       : 7a100t-csg324
| Speed File   : -1  PRODUCTION 1.23 2018-06-13
| Design State : Routed
------------------------------------------------------------------------------------------------------------------------------------------------------------------------------------------------------

Timing Summary Report

------------------------------------------------------------------------------------------------
| Timer Settings
| --------------
------------------------------------------------------------------------------------------------

  Enable Multi Corner Analysis               :  Yes
  Enable Pessimism Removal                   :  Yes
  Pessimism Removal Resolution               :  Nearest Common Node
  Enable Input Delay Default Clock           :  No
  Enable Preset / Clear Arcs                 :  No
  Disable Flight Delays                      :  No
  Ignore I/O Paths                           :  No
  Timing Early Launch at Borrowing Latches   :  No
  Borrow Time for Max Delay Exceptions       :  Yes
  Merge Timing Exceptions                    :  Yes
  Inter-SLR Compensation                     :  Conservative

  Corner  Analyze    Analyze    
  Name    Max Paths  Min Paths  
  ------  ---------  ---------  
  Slow    Yes        Yes        
  Fast    Yes        Yes        


------------------------------------------------------------------------------------------------
| Report Methodology
| ------------------
------------------------------------------------------------------------------------------------

Rule       Severity          Description                    Violations  
---------  ----------------  -----------------------------  ----------  
TIMING-17  Critical Warning  Non-clocked sequential cell    156         
TIMING-18  Warning           Missing input or output delay  1           

Note: This report is based on the most recent report_methodology run and may not be up-to-date. Run report_methodology on the current design for the latest report.



check_timing report

Table of Contents
-----------------
1. checking no_clock (156)
2. checking constant_clock (0)
3. checking pulse_width_clock (0)
4. checking unconstrained_internal_endpoints (1523)
5. checking no_input_delay (1)
6. checking no_output_delay (14)
7. checking multiple_clock (0)
8. checking generated_clocks (0)
9. checking loops (0)
10. checking partial_input_delay (0)
11. checking partial_output_delay (0)
12. checking latch_loops (0)

1. checking no_clock (156)
--------------------------
 There are 156 register/latch pins with no clock driven by root clock pin: VGA_divider/clk_out_reg/Q (HIGH)


2. checking constant_clock (0)
------------------------------
 There are 0 register/latch pins with constant_clock.


3. checking pulse_width_clock (0)
---------------------------------
 There are 0 register/latch pins which need pulse_width check


4. checking unconstrained_internal_endpoints (1523)
---------------------------------------------------
 There are 1523 pins that are not constrained for maximum delay. (HIGH)

 There are 0 pins that are not constrained for maximum delay due to constant clock.


5. checking no_input_delay (1)
------------------------------
 There is 1 input port with no input delay specified. (HIGH)

 There are 0 input ports with no input delay but user has a false path constraint.


6. checking no_output_delay (14)
--------------------------------
 There are 14 ports with no output delay specified. (HIGH)

 There are 0 ports with no output delay but user has a false path constraint

 There are 0 ports with no output delay but with a timing clock defined on it or propagating through it


7. checking multiple_clock (0)
------------------------------
 There are 0 register/latch pins with multiple clocks.


8. checking generated_clocks (0)
--------------------------------
 There are 0 generated clocks that are not connected to a clock source.


9. checking loops (0)
---------------------
 There are 0 combinational loops in the design.


10. checking partial_input_delay (0)
------------------------------------
 There are 0 input ports with partial input delay specified.


11. checking partial_output_delay (0)
-------------------------------------
 There are 0 ports with partial output delay specified.


12. checking latch_loops (0)
----------------------------
 There are 0 combinational latch loops in the design through latch input



------------------------------------------------------------------------------------------------
| Design Timing Summary
| ---------------------
------------------------------------------------------------------------------------------------

    WNS(ns)      TNS(ns)  TNS Failing Endpoints  TNS Total Endpoints      WHS(ns)      THS(ns)  THS Failing Endpoints  THS Total Endpoints     WPWS(ns)     TPWS(ns)  TPWS Failing Endpoints  TPWS Total Endpoints  
    -------      -------  ---------------------  -------------------      -------      -------  ---------------------  -------------------     --------     --------  ----------------------  --------------------  
      0.082        0.000                      0                 3922        0.079        0.000                      0                 3922        3.750        0.000                       0                   912  


All user specified timing constraints are met.


------------------------------------------------------------------------------------------------
| Clock Summary
| -------------
------------------------------------------------------------------------------------------------

Clock        Waveform(ns)       Period(ns)      Frequency(MHz)
-----        ------------       ----------      --------------
sys_clk_pin  {0.000 5.000}      10.000          100.000         


------------------------------------------------------------------------------------------------
| Intra Clock Table
| -----------------
------------------------------------------------------------------------------------------------

Clock             WNS(ns)      TNS(ns)  TNS Failing Endpoints  TNS Total Endpoints      WHS(ns)      THS(ns)  THS Failing Endpoints  THS Total Endpoints     WPWS(ns)     TPWS(ns)  TPWS Failing Endpoints  TPWS Total Endpoints  
-----             -------      -------  ---------------------  -------------------      -------      -------  ---------------------  -------------------     --------     --------  ----------------------  --------------------  
sys_clk_pin         0.082        0.000                      0                 3922        0.079        0.000                      0                 3922        3.750        0.000                       0                   912  


------------------------------------------------------------------------------------------------
| Inter Clock Table
| -----------------
------------------------------------------------------------------------------------------------

From Clock    To Clock          WNS(ns)      TNS(ns)  TNS Failing Endpoints  TNS Total Endpoints      WHS(ns)      THS(ns)  THS Failing Endpoints  THS Total Endpoints  
----------    --------          -------      -------  ---------------------  -------------------      -------      -------  ---------------------  -------------------  


------------------------------------------------------------------------------------------------
| Other Path Groups Table
| -----------------------
------------------------------------------------------------------------------------------------

Path Group    From Clock    To Clock          WNS(ns)      TNS(ns)  TNS Failing Endpoints  TNS Total Endpoints      WHS(ns)      THS(ns)  THS Failing Endpoints  THS Total Endpoints  
----------    ----------    --------          -------      -------  ---------------------  -------------------      -------      -------  ---------------------  -------------------  


------------------------------------------------------------------------------------------------
| User Ignored Path Table
| -----------------------
------------------------------------------------------------------------------------------------

Path Group    From Clock    To Clock    
----------    ----------    --------    


------------------------------------------------------------------------------------------------
| Unconstrained Path Table
| ------------------------
------------------------------------------------------------------------------------------------

Path Group    From Clock    To Clock    
----------    ----------    --------    
(none)                                    
(none)                      sys_clk_pin   


------------------------------------------------------------------------------------------------
| Timing Details
| --------------
------------------------------------------------------------------------------------------------


---------------------------------------------------------------------------------------------------
From Clock:  sys_clk_pin
  To Clock:  sys_clk_pin

Setup :            0  Failing Endpoints,  Worst Slack        0.082ns,  Total Violation        0.000ns
Hold  :            0  Failing Endpoints,  Worst Slack        0.079ns,  Total Violation        0.000ns
PW    :            0  Failing Endpoints,  Worst Slack        3.750ns,  Total Violation        0.000ns
---------------------------------------------------------------------------------------------------


Max Delay Paths
--------------------------------------------------------------------------------------
Slack (MET) :             0.082ns  (required time - arrival time)
  Source:                 VGA_manager/vram_address_reg[13]/C
                            (rising edge-triggered cell FDRE clocked by sys_clk_pin  {rise@0.000ns fall@5.000ns period=10.000ns})
  Destination:            <hidden>
                            (rising edge-triggered cell RAMB36E1 clocked by sys_clk_pin  {rise@0.000ns fall@5.000ns period=10.000ns})
  Path Group:             sys_clk_pin
  Path Type:              Setup (Max at Slow Process Corner)
  Requirement:            10.000ns  (sys_clk_pin rise@10.000ns - sys_clk_pin rise@0.000ns)
  Data Path Delay:        9.456ns  (logic 0.518ns (5.478%)  route 8.938ns (94.522%))
  Logic Levels:           0  
  Clock Path Skew:        0.139ns (DCD - SCD + CPR)
    Destination Clock Delay (DCD):    5.187ns = ( 15.187 - 10.000 ) 
    Source Clock Delay      (SCD):    5.235ns
    Clock Pessimism Removal (CPR):    0.187ns
  Clock Uncertainty:      0.035ns  ((TSJ^2 + TIJ^2)^1/2 + DJ) / 2 + PE
    Total System Jitter     (TSJ):    0.071ns
    Total Input Jitter      (TIJ):    0.000ns
    Discrete Jitter          (DJ):    0.000ns
    Phase Error              (PE):    0.000ns

    Location             Delay type                Incr(ns)  Path(ns)    Netlist Resource(s)
  -------------------------------------------------------------------    -------------------
                         (clock sys_clk_pin rise edge)
                                                      0.000     0.000 r  
    E3                                                0.000     0.000 r  clk (IN)
                         net (fo=0)                   0.000     0.000    clk
    E3                   IBUF (Prop_ibuf_I_O)         1.482     1.482 r  clk_IBUF_inst/O
                         net (fo=1, routed)           2.025     3.506    clk_IBUF
    BUFGCTRL_X0Y16       BUFG (Prop_bufg_I_O)         0.096     3.602 r  clk_IBUF_BUFG_inst/O
                         net (fo=913, routed)         1.632     5.235    VGA_manager/clk_IBUF_BUFG
    SLICE_X14Y78         FDRE                                         r  VGA_manager/vram_address_reg[13]/C
  -------------------------------------------------------------------    -------------------
    SLICE_X14Y78         FDRE (Prop_fdre_C_Q)         0.518     5.753 r  VGA_manager/vram_address_reg[13]/Q
                         net (fo=41, routed)          8.938    14.690    <hidden>
    RAMB36_X2Y2          RAMB36E1                                     r  <hidden>
  -------------------------------------------------------------------    -------------------

                         (clock sys_clk_pin rise edge)
                                                     10.000    10.000 r  
    E3                                                0.000    10.000 r  clk (IN)
                         net (fo=0)                   0.000    10.000    clk
    E3                   IBUF (Prop_ibuf_I_O)         1.411    11.411 r  clk_IBUF_inst/O
                         net (fo=1, routed)           1.920    13.331    clk_IBUF
    BUFGCTRL_X0Y16       BUFG (Prop_bufg_I_O)         0.091    13.422 r  clk_IBUF_BUFG_inst/O
                         net (fo=913, routed)         1.764    15.187    <hidden>
    RAMB36_X2Y2          RAMB36E1                                     r  <hidden>
                         clock pessimism              0.187    15.374    
                         clock uncertainty           -0.035    15.338    
    RAMB36_X2Y2          RAMB36E1 (Setup_ramb36e1_CLKARDCLK_ADDRARDADDR[13])
                                                     -0.566    14.772    <hidden>
  -------------------------------------------------------------------
                         required time                         14.772    
                         arrival time                         -14.690    
  -------------------------------------------------------------------
                         slack                                  0.082    

Slack (MET) :             0.415ns  (required time - arrival time)
  Source:                 VGA_manager/vram_address_reg[13]/C
                            (rising edge-triggered cell FDRE clocked by sys_clk_pin  {rise@0.000ns fall@5.000ns period=10.000ns})
  Destination:            <hidden>
                            (rising edge-triggered cell RAMB36E1 clocked by sys_clk_pin  {rise@0.000ns fall@5.000ns period=10.000ns})
  Path Group:             sys_clk_pin
  Path Type:              Setup (Max at Slow Process Corner)
  Requirement:            10.000ns  (sys_clk_pin rise@10.000ns - sys_clk_pin rise@0.000ns)
  Data Path Delay:        9.118ns  (logic 0.518ns (5.681%)  route 8.600ns (94.319%))
  Logic Levels:           0  
  Clock Path Skew:        0.134ns (DCD - SCD + CPR)
    Destination Clock Delay (DCD):    5.182ns = ( 15.182 - 10.000 ) 
    Source Clock Delay      (SCD):    5.235ns
    Clock Pessimism Removal (CPR):    0.187ns
  Clock Uncertainty:      0.035ns  ((TSJ^2 + TIJ^2)^1/2 + DJ) / 2 + PE
    Total System Jitter     (TSJ):    0.071ns
    Total Input Jitter      (TIJ):    0.000ns
    Discrete Jitter          (DJ):    0.000ns
    Phase Error              (PE):    0.000ns

    Location             Delay type                Incr(ns)  Path(ns)    Netlist Resource(s)
  -------------------------------------------------------------------    -------------------
                         (clock sys_clk_pin rise edge)
                                                      0.000     0.000 r  
    E3                                                0.000     0.000 r  clk (IN)
                         net (fo=0)                   0.000     0.000    clk
    E3                   IBUF (Prop_ibuf_I_O)         1.482     1.482 r  clk_IBUF_inst/O
                         net (fo=1, routed)           2.025     3.506    clk_IBUF
    BUFGCTRL_X0Y16       BUFG (Prop_bufg_I_O)         0.096     3.602 r  clk_IBUF_BUFG_inst/O
                         net (fo=913, routed)         1.632     5.235    VGA_manager/clk_IBUF_BUFG
    SLICE_X14Y78         FDRE                                         r  VGA_manager/vram_address_reg[13]/C
  -------------------------------------------------------------------    -------------------
    SLICE_X14Y78         FDRE (Prop_fdre_C_Q)         0.518     5.753 r  VGA_manager/vram_address_reg[13]/Q
                         net (fo=41, routed)          8.600    14.352    <hidden>
    RAMB36_X2Y3          RAMB36E1                                     r  <hidden>
  -------------------------------------------------------------------    -------------------

                         (clock sys_clk_pin rise edge)
                                                     10.000    10.000 r  
    E3                                                0.000    10.000 r  clk (IN)
                         net (fo=0)                   0.000    10.000    clk
    E3                   IBUF (Prop_ibuf_I_O)         1.411    11.411 r  clk_IBUF_inst/O
                         net (fo=1, routed)           1.920    13.331    clk_IBUF
    BUFGCTRL_X0Y16       BUFG (Prop_bufg_I_O)         0.091    13.422 r  clk_IBUF_BUFG_inst/O
                         net (fo=913, routed)         1.759    15.182    <hidden>
    RAMB36_X2Y3          RAMB36E1                                     r  <hidden>
                         clock pessimism              0.187    15.369    
                         clock uncertainty           -0.035    15.333    
    RAMB36_X2Y3          RAMB36E1 (Setup_ramb36e1_CLKARDCLK_ADDRARDADDR[13])
                                                     -0.566    14.767    <hidden>
  -------------------------------------------------------------------
                         required time                         14.767    
                         arrival time                         -14.352    
  -------------------------------------------------------------------
                         slack                                  0.415    

Slack (MET) :             0.418ns  (required time - arrival time)
  Source:                 VGA_manager/vram_address_reg[2]/C
                            (rising edge-triggered cell FDRE clocked by sys_clk_pin  {rise@0.000ns fall@5.000ns period=10.000ns})
  Destination:            <hidden>
                            (rising edge-triggered cell RAMB36E1 clocked by sys_clk_pin  {rise@0.000ns fall@5.000ns period=10.000ns})
  Path Group:             sys_clk_pin
  Path Type:              Setup (Max at Slow Process Corner)
  Requirement:            10.000ns  (sys_clk_pin rise@10.000ns - sys_clk_pin rise@0.000ns)
  Data Path Delay:        9.126ns  (logic 0.518ns (5.676%)  route 8.608ns (94.324%))
  Logic Levels:           0  
  Clock Path Skew:        0.145ns (DCD - SCD + CPR)
    Destination Clock Delay (DCD):    5.187ns = ( 15.187 - 10.000 ) 
    Source Clock Delay      (SCD):    5.229ns
    Clock Pessimism Removal (CPR):    0.187ns
  Clock Uncertainty:      0.035ns  ((TSJ^2 + TIJ^2)^1/2 + DJ) / 2 + PE
    Total System Jitter     (TSJ):    0.071ns
    Total Input Jitter      (TIJ):    0.000ns
    Discrete Jitter          (DJ):    0.000ns
    Phase Error              (PE):    0.000ns

    Location             Delay type                Incr(ns)  Path(ns)    Netlist Resource(s)
  -------------------------------------------------------------------    -------------------
                         (clock sys_clk_pin rise edge)
                                                      0.000     0.000 r  
    E3                                                0.000     0.000 r  clk (IN)
                         net (fo=0)                   0.000     0.000    clk
    E3                   IBUF (Prop_ibuf_I_O)         1.482     1.482 r  clk_IBUF_inst/O
                         net (fo=1, routed)           2.025     3.506    clk_IBUF
    BUFGCTRL_X0Y16       BUFG (Prop_bufg_I_O)         0.096     3.602 r  clk_IBUF_BUFG_inst/O
                         net (fo=913, routed)         1.626     5.229    VGA_manager/clk_IBUF_BUFG
    SLICE_X12Y74         FDRE                                         r  VGA_manager/vram_address_reg[2]/C
  -------------------------------------------------------------------    -------------------
    SLICE_X12Y74         FDRE (Prop_fdre_C_Q)         0.518     5.747 r  VGA_manager/vram_address_reg[2]/Q
                         net (fo=108, routed)         8.608    14.354    <hidden>
    RAMB36_X2Y2          RAMB36E1                                     r  <hidden>
  -------------------------------------------------------------------    -------------------

                         (clock sys_clk_pin rise edge)
                                                     10.000    10.000 r  
    E3                                                0.000    10.000 r  clk (IN)
                         net (fo=0)                   0.000    10.000    clk
    E3                   IBUF (Prop_ibuf_I_O)         1.411    11.411 r  clk_IBUF_inst/O
                         net (fo=1, routed)           1.920    13.331    clk_IBUF
    BUFGCTRL_X0Y16       BUFG (Prop_bufg_I_O)         0.091    13.422 r  clk_IBUF_BUFG_inst/O
                         net (fo=913, routed)         1.764    15.187    <hidden>
    RAMB36_X2Y2          RAMB36E1                                     r  <hidden>
                         clock pessimism              0.187    15.374    
                         clock uncertainty           -0.035    15.338    
    RAMB36_X2Y2          RAMB36E1 (Setup_ramb36e1_CLKARDCLK_ADDRARDADDR[2])
                                                     -0.566    14.772    <hidden>
  -------------------------------------------------------------------
                         required time                         14.772    
                         arrival time                         -14.354    
  -------------------------------------------------------------------
                         slack                                  0.418    

Slack (MET) :             0.532ns  (required time - arrival time)
  Source:                 VGA_manager/vram_address_reg[2]/C
                            (rising edge-triggered cell FDRE clocked by sys_clk_pin  {rise@0.000ns fall@5.000ns period=10.000ns})
  Destination:            <hidden>
                            (rising edge-triggered cell RAMB36E1 clocked by sys_clk_pin  {rise@0.000ns fall@5.000ns period=10.000ns})
  Path Group:             sys_clk_pin
  Path Type:              Setup (Max at Slow Process Corner)
  Requirement:            10.000ns  (sys_clk_pin rise@10.000ns - sys_clk_pin rise@0.000ns)
  Data Path Delay:        9.016ns  (logic 0.518ns (5.745%)  route 8.498ns (94.255%))
  Logic Levels:           0  
  Clock Path Skew:        0.150ns (DCD - SCD + CPR)
    Destination Clock Delay (DCD):    5.192ns = ( 15.192 - 10.000 ) 
    Source Clock Delay      (SCD):    5.229ns
    Clock Pessimism Removal (CPR):    0.187ns
  Clock Uncertainty:      0.035ns  ((TSJ^2 + TIJ^2)^1/2 + DJ) / 2 + PE
    Total System Jitter     (TSJ):    0.071ns
    Total Input Jitter      (TIJ):    0.000ns
    Discrete Jitter          (DJ):    0.000ns
    Phase Error              (PE):    0.000ns

    Location             Delay type                Incr(ns)  Path(ns)    Netlist Resource(s)
  -------------------------------------------------------------------    -------------------
                         (clock sys_clk_pin rise edge)
                                                      0.000     0.000 r  
    E3                                                0.000     0.000 r  clk (IN)
                         net (fo=0)                   0.000     0.000    clk
    E3                   IBUF (Prop_ibuf_I_O)         1.482     1.482 r  clk_IBUF_inst/O
                         net (fo=1, routed)           2.025     3.506    clk_IBUF
    BUFGCTRL_X0Y16       BUFG (Prop_bufg_I_O)         0.096     3.602 r  clk_IBUF_BUFG_inst/O
                         net (fo=913, routed)         1.626     5.229    VGA_manager/clk_IBUF_BUFG
    SLICE_X12Y74         FDRE                                         r  VGA_manager/vram_address_reg[2]/C
  -------------------------------------------------------------------    -------------------
    SLICE_X12Y74         FDRE (Prop_fdre_C_Q)         0.518     5.747 r  VGA_manager/vram_address_reg[2]/Q
                         net (fo=108, routed)         8.498    14.245    <hidden>
    RAMB36_X2Y0          RAMB36E1                                     r  <hidden>
  -------------------------------------------------------------------    -------------------

                         (clock sys_clk_pin rise edge)
                                                     10.000    10.000 r  
    E3                                                0.000    10.000 r  clk (IN)
                         net (fo=0)                   0.000    10.000    clk
    E3                   IBUF (Prop_ibuf_I_O)         1.411    11.411 r  clk_IBUF_inst/O
                         net (fo=1, routed)           1.920    13.331    clk_IBUF
    BUFGCTRL_X0Y16       BUFG (Prop_bufg_I_O)         0.091    13.422 r  clk_IBUF_BUFG_inst/O
                         net (fo=913, routed)         1.769    15.192    <hidden>
    RAMB36_X2Y0          RAMB36E1                                     r  <hidden>
                         clock pessimism              0.187    15.379    
                         clock uncertainty           -0.035    15.343    
    RAMB36_X2Y0          RAMB36E1 (Setup_ramb36e1_CLKARDCLK_ADDRARDADDR[2])
                                                     -0.566    14.777    <hidden>
  -------------------------------------------------------------------
                         required time                         14.777    
                         arrival time                         -14.245    
  -------------------------------------------------------------------
                         slack                                  0.532    

Slack (MET) :             0.555ns  (required time - arrival time)
  Source:                 VGA_manager/vram_address_reg[13]/C
                            (rising edge-triggered cell FDRE clocked by sys_clk_pin  {rise@0.000ns fall@5.000ns period=10.000ns})
  Destination:            <hidden>
                            (rising edge-triggered cell RAMB36E1 clocked by sys_clk_pin  {rise@0.000ns fall@5.000ns period=10.000ns})
  Path Group:             sys_clk_pin
  Path Type:              Setup (Max at Slow Process Corner)
  Requirement:            10.000ns  (sys_clk_pin rise@10.000ns - sys_clk_pin rise@0.000ns)
  Data Path Delay:        8.988ns  (logic 0.518ns (5.763%)  route 8.470ns (94.237%))
  Logic Levels:           0  
  Clock Path Skew:        0.144ns (DCD - SCD + CPR)
    Destination Clock Delay (DCD):    5.192ns = ( 15.192 - 10.000 ) 
    Source Clock Delay      (SCD):    5.235ns
    Clock Pessimism Removal (CPR):    0.187ns
  Clock Uncertainty:      0.035ns  ((TSJ^2 + TIJ^2)^1/2 + DJ) / 2 + PE
    Total System Jitter     (TSJ):    0.071ns
    Total Input Jitter      (TIJ):    0.000ns
    Discrete Jitter          (DJ):    0.000ns
    Phase Error              (PE):    0.000ns

    Location             Delay type                Incr(ns)  Path(ns)    Netlist Resource(s)
  -------------------------------------------------------------------    -------------------
                         (clock sys_clk_pin rise edge)
                                                      0.000     0.000 r  
    E3                                                0.000     0.000 r  clk (IN)
                         net (fo=0)                   0.000     0.000    clk
    E3                   IBUF (Prop_ibuf_I_O)         1.482     1.482 r  clk_IBUF_inst/O
                         net (fo=1, routed)           2.025     3.506    clk_IBUF
    BUFGCTRL_X0Y16       BUFG (Prop_bufg_I_O)         0.096     3.602 r  clk_IBUF_BUFG_inst/O
                         net (fo=913, routed)         1.632     5.235    VGA_manager/clk_IBUF_BUFG
    SLICE_X14Y78         FDRE                                         r  VGA_manager/vram_address_reg[13]/C
  -------------------------------------------------------------------    -------------------
    SLICE_X14Y78         FDRE (Prop_fdre_C_Q)         0.518     5.753 r  VGA_manager/vram_address_reg[13]/Q
                         net (fo=41, routed)          8.470    14.223    <hidden>
    RAMB36_X2Y0          RAMB36E1                                     r  <hidden>
  -------------------------------------------------------------------    -------------------

                         (clock sys_clk_pin rise edge)
                                                     10.000    10.000 r  
    E3                                                0.000    10.000 r  clk (IN)
                         net (fo=0)                   0.000    10.000    clk
    E3                   IBUF (Prop_ibuf_I_O)         1.411    11.411 r  clk_IBUF_inst/O
                         net (fo=1, routed)           1.920    13.331    clk_IBUF
    BUFGCTRL_X0Y16       BUFG (Prop_bufg_I_O)         0.091    13.422 r  clk_IBUF_BUFG_inst/O
                         net (fo=913, routed)         1.769    15.192    <hidden>
    RAMB36_X2Y0          RAMB36E1                                     r  <hidden>
                         clock pessimism              0.187    15.379    
                         clock uncertainty           -0.035    15.343    
    RAMB36_X2Y0          RAMB36E1 (Setup_ramb36e1_CLKARDCLK_ADDRARDADDR[13])
                                                     -0.566    14.777    <hidden>
  -------------------------------------------------------------------
                         required time                         14.777    
                         arrival time                         -14.223    
  -------------------------------------------------------------------
                         slack                                  0.555    

Slack (MET) :             0.609ns  (required time - arrival time)
  Source:                 VGA_manager/write_enable_reg/C
                            (rising edge-triggered cell FDRE clocked by sys_clk_pin  {rise@0.000ns fall@5.000ns period=10.000ns})
  Destination:            <hidden>
                            (rising edge-triggered cell RAMB36E1 clocked by sys_clk_pin  {rise@0.000ns fall@5.000ns period=10.000ns})
  Path Group:             sys_clk_pin
  Path Type:              Setup (Max at Slow Process Corner)
  Requirement:            10.000ns  (sys_clk_pin rise@10.000ns - sys_clk_pin rise@0.000ns)
  Data Path Delay:        8.732ns  (logic 0.456ns (5.222%)  route 8.276ns (94.778%))
  Logic Levels:           0  
  Clock Path Skew:        -0.092ns (DCD - SCD + CPR)
    Destination Clock Delay (DCD):    4.960ns = ( 14.960 - 10.000 ) 
    Source Clock Delay      (SCD):    5.233ns
    Clock Pessimism Removal (CPR):    0.180ns
  Clock Uncertainty:      0.035ns  ((TSJ^2 + TIJ^2)^1/2 + DJ) / 2 + PE
    Total System Jitter     (TSJ):    0.071ns
    Total Input Jitter      (TIJ):    0.000ns
    Discrete Jitter          (DJ):    0.000ns
    Phase Error              (PE):    0.000ns

    Location             Delay type                Incr(ns)  Path(ns)    Netlist Resource(s)
  -------------------------------------------------------------------    -------------------
                         (clock sys_clk_pin rise edge)
                                                      0.000     0.000 r  
    E3                                                0.000     0.000 r  clk (IN)
                         net (fo=0)                   0.000     0.000    clk
    E3                   IBUF (Prop_ibuf_I_O)         1.482     1.482 r  clk_IBUF_inst/O
                         net (fo=1, routed)           2.025     3.506    clk_IBUF
    BUFGCTRL_X0Y16       BUFG (Prop_bufg_I_O)         0.096     3.602 r  clk_IBUF_BUFG_inst/O
                         net (fo=913, routed)         1.630     5.233    VGA_manager/clk_IBUF_BUFG
    SLICE_X32Y81         FDRE                                         r  VGA_manager/write_enable_reg/C
  -------------------------------------------------------------------    -------------------
    SLICE_X32Y81         FDRE (Prop_fdre_C_Q)         0.456     5.689 r  VGA_manager/write_enable_reg/Q
                         net (fo=209, routed)         8.276    13.964    <hidden>
    RAMB36_X1Y29         RAMB36E1                                     r  <hidden>
  -------------------------------------------------------------------    -------------------

                         (clock sys_clk_pin rise edge)
                                                     10.000    10.000 r  
    E3                                                0.000    10.000 r  clk (IN)
                         net (fo=0)                   0.000    10.000    clk
    E3                   IBUF (Prop_ibuf_I_O)         1.411    11.411 r  clk_IBUF_inst/O
                         net (fo=1, routed)           1.920    13.331    clk_IBUF
    BUFGCTRL_X0Y16       BUFG (Prop_bufg_I_O)         0.091    13.422 r  clk_IBUF_BUFG_inst/O
                         net (fo=913, routed)         1.538    14.960    <hidden>
    RAMB36_X1Y29         RAMB36E1                                     r  <hidden>
                         clock pessimism              0.180    15.140    
                         clock uncertainty           -0.035    15.105    
    RAMB36_X1Y29         RAMB36E1 (Setup_ramb36e1_CLKARDCLK_WEA[0])
                                                     -0.532    14.573    <hidden>
  -------------------------------------------------------------------
                         required time                         14.573    
                         arrival time                         -13.964    
  -------------------------------------------------------------------
                         slack                                  0.609    

Slack (MET) :             0.613ns  (required time - arrival time)
  Source:                 VGA_manager/vram_address_reg[13]/C
                            (rising edge-triggered cell FDRE clocked by sys_clk_pin  {rise@0.000ns fall@5.000ns period=10.000ns})
  Destination:            <hidden>
                            (rising edge-triggered cell RAMB36E1 clocked by sys_clk_pin  {rise@0.000ns fall@5.000ns period=10.000ns})
  Path Group:             sys_clk_pin
  Path Type:              Setup (Max at Slow Process Corner)
  Requirement:            10.000ns  (sys_clk_pin rise@10.000ns - sys_clk_pin rise@0.000ns)
  Data Path Delay:        8.874ns  (logic 0.518ns (5.837%)  route 8.356ns (94.163%))
  Logic Levels:           0  
  Clock Path Skew:        0.088ns (DCD - SCD + CPR)
    Destination Clock Delay (DCD):    5.136ns = ( 15.136 - 10.000 ) 
    Source Clock Delay      (SCD):    5.235ns
    Clock Pessimism Removal (CPR):    0.187ns
  Clock Uncertainty:      0.035ns  ((TSJ^2 + TIJ^2)^1/2 + DJ) / 2 + PE
    Total System Jitter     (TSJ):    0.071ns
    Total Input Jitter      (TIJ):    0.000ns
    Discrete Jitter          (DJ):    0.000ns
    Phase Error              (PE):    0.000ns

    Location             Delay type                Incr(ns)  Path(ns)    Netlist Resource(s)
  -------------------------------------------------------------------    -------------------
                         (clock sys_clk_pin rise edge)
                                                      0.000     0.000 r  
    E3                                                0.000     0.000 r  clk (IN)
                         net (fo=0)                   0.000     0.000    clk
    E3                   IBUF (Prop_ibuf_I_O)         1.482     1.482 r  clk_IBUF_inst/O
                         net (fo=1, routed)           2.025     3.506    clk_IBUF
    BUFGCTRL_X0Y16       BUFG (Prop_bufg_I_O)         0.096     3.602 r  clk_IBUF_BUFG_inst/O
                         net (fo=913, routed)         1.632     5.235    VGA_manager/clk_IBUF_BUFG
    SLICE_X14Y78         FDRE                                         r  VGA_manager/vram_address_reg[13]/C
  -------------------------------------------------------------------    -------------------
    SLICE_X14Y78         FDRE (Prop_fdre_C_Q)         0.518     5.753 r  VGA_manager/vram_address_reg[13]/Q
                         net (fo=41, routed)          8.356    14.109    <hidden>
    RAMB36_X1Y2          RAMB36E1                                     r  <hidden>
  -------------------------------------------------------------------    -------------------

                         (clock sys_clk_pin rise edge)
                                                     10.000    10.000 r  
    E3                                                0.000    10.000 r  clk (IN)
                         net (fo=0)                   0.000    10.000    clk
    E3                   IBUF (Prop_ibuf_I_O)         1.411    11.411 r  clk_IBUF_inst/O
                         net (fo=1, routed)           1.920    13.331    clk_IBUF
    BUFGCTRL_X0Y16       BUFG (Prop_bufg_I_O)         0.091    13.422 r  clk_IBUF_BUFG_inst/O
                         net (fo=913, routed)         1.713    15.136    <hidden>
    RAMB36_X1Y2          RAMB36E1                                     r  <hidden>
                         clock pessimism              0.187    15.323    
                         clock uncertainty           -0.035    15.287    
    RAMB36_X1Y2          RAMB36E1 (Setup_ramb36e1_CLKARDCLK_ADDRARDADDR[13])
                                                     -0.566    14.721    <hidden>
  -------------------------------------------------------------------
                         required time                         14.721    
                         arrival time                         -14.109    
  -------------------------------------------------------------------
                         slack                                  0.613    

Slack (MET) :             0.618ns  (required time - arrival time)
  Source:                 VGA_manager/write_enable_reg/C
                            (rising edge-triggered cell FDRE clocked by sys_clk_pin  {rise@0.000ns fall@5.000ns period=10.000ns})
  Destination:            <hidden>
                            (rising edge-triggered cell RAMB36E1 clocked by sys_clk_pin  {rise@0.000ns fall@5.000ns period=10.000ns})
  Path Group:             sys_clk_pin
  Path Type:              Setup (Max at Slow Process Corner)
  Requirement:            10.000ns  (sys_clk_pin rise@10.000ns - sys_clk_pin rise@0.000ns)
  Data Path Delay:        8.719ns  (logic 0.456ns (5.230%)  route 8.263ns (94.770%))
  Logic Levels:           0  
  Clock Path Skew:        -0.096ns (DCD - SCD + CPR)
    Destination Clock Delay (DCD):    4.956ns = ( 14.956 - 10.000 ) 
    Source Clock Delay      (SCD):    5.233ns
    Clock Pessimism Removal (CPR):    0.180ns
  Clock Uncertainty:      0.035ns  ((TSJ^2 + TIJ^2)^1/2 + DJ) / 2 + PE
    Total System Jitter     (TSJ):    0.071ns
    Total Input Jitter      (TIJ):    0.000ns
    Discrete Jitter          (DJ):    0.000ns
    Phase Error              (PE):    0.000ns

    Location             Delay type                Incr(ns)  Path(ns)    Netlist Resource(s)
  -------------------------------------------------------------------    -------------------
                         (clock sys_clk_pin rise edge)
                                                      0.000     0.000 r  
    E3                                                0.000     0.000 r  clk (IN)
                         net (fo=0)                   0.000     0.000    clk
    E3                   IBUF (Prop_ibuf_I_O)         1.482     1.482 r  clk_IBUF_inst/O
                         net (fo=1, routed)           2.025     3.506    clk_IBUF
    BUFGCTRL_X0Y16       BUFG (Prop_bufg_I_O)         0.096     3.602 r  clk_IBUF_BUFG_inst/O
                         net (fo=913, routed)         1.630     5.233    VGA_manager/clk_IBUF_BUFG
    SLICE_X32Y81         FDRE                                         r  VGA_manager/write_enable_reg/C
  -------------------------------------------------------------------    -------------------
    SLICE_X32Y81         FDRE (Prop_fdre_C_Q)         0.456     5.689 r  VGA_manager/write_enable_reg/Q
                         net (fo=209, routed)         8.263    13.951    <hidden>
    RAMB36_X1Y27         RAMB36E1                                     r  <hidden>
  -------------------------------------------------------------------    -------------------

                         (clock sys_clk_pin rise edge)
                                                     10.000    10.000 r  
    E3                                                0.000    10.000 r  clk (IN)
                         net (fo=0)                   0.000    10.000    clk
    E3                   IBUF (Prop_ibuf_I_O)         1.411    11.411 r  clk_IBUF_inst/O
                         net (fo=1, routed)           1.920    13.331    clk_IBUF
    BUFGCTRL_X0Y16       BUFG (Prop_bufg_I_O)         0.091    13.422 r  clk_IBUF_BUFG_inst/O
                         net (fo=913, routed)         1.534    14.956    <hidden>
    RAMB36_X1Y27         RAMB36E1                                     r  <hidden>
                         clock pessimism              0.180    15.136    
                         clock uncertainty           -0.035    15.101    
    RAMB36_X1Y27         RAMB36E1 (Setup_ramb36e1_CLKARDCLK_WEA[0])
                                                     -0.532    14.569    <hidden>
  -------------------------------------------------------------------
                         required time                         14.569    
                         arrival time                         -13.951    
  -------------------------------------------------------------------
                         slack                                  0.618    

Slack (MET) :             0.655ns  (required time - arrival time)
  Source:                 VGA_manager/vram_address_reg[3]/C
                            (rising edge-triggered cell FDRE clocked by sys_clk_pin  {rise@0.000ns fall@5.000ns period=10.000ns})
  Destination:            <hidden>
                            (rising edge-triggered cell RAMB36E1 clocked by sys_clk_pin  {rise@0.000ns fall@5.000ns period=10.000ns})
  Path Group:             sys_clk_pin
  Path Type:              Setup (Max at Slow Process Corner)
  Requirement:            10.000ns  (sys_clk_pin rise@10.000ns - sys_clk_pin rise@0.000ns)
  Data Path Delay:        8.827ns  (logic 0.456ns (5.166%)  route 8.371ns (94.834%))
  Logic Levels:           0  
  Clock Path Skew:        0.084ns (DCD - SCD + CPR)
    Destination Clock Delay (DCD):    5.126ns = ( 15.126 - 10.000 ) 
    Source Clock Delay      (SCD):    5.229ns
    Clock Pessimism Removal (CPR):    0.187ns
  Clock Uncertainty:      0.035ns  ((TSJ^2 + TIJ^2)^1/2 + DJ) / 2 + PE
    Total System Jitter     (TSJ):    0.071ns
    Total Input Jitter      (TIJ):    0.000ns
    Discrete Jitter          (DJ):    0.000ns
    Phase Error              (PE):    0.000ns

    Location             Delay type                Incr(ns)  Path(ns)    Netlist Resource(s)
  -------------------------------------------------------------------    -------------------
                         (clock sys_clk_pin rise edge)
                                                      0.000     0.000 r  
    E3                                                0.000     0.000 r  clk (IN)
                         net (fo=0)                   0.000     0.000    clk
    E3                   IBUF (Prop_ibuf_I_O)         1.482     1.482 r  clk_IBUF_inst/O
                         net (fo=1, routed)           2.025     3.506    clk_IBUF
    BUFGCTRL_X0Y16       BUFG (Prop_bufg_I_O)         0.096     3.602 r  clk_IBUF_BUFG_inst/O
                         net (fo=913, routed)         1.626     5.229    VGA_manager/clk_IBUF_BUFG
    SLICE_X13Y74         FDRE                                         r  VGA_manager/vram_address_reg[3]/C
  -------------------------------------------------------------------    -------------------
    SLICE_X13Y74         FDRE (Prop_fdre_C_Q)         0.456     5.685 r  VGA_manager/vram_address_reg[3]/Q
                         net (fo=107, routed)         8.371    14.056    <hidden>
    RAMB36_X1Y4          RAMB36E1                                     r  <hidden>
  -------------------------------------------------------------------    -------------------

                         (clock sys_clk_pin rise edge)
                                                     10.000    10.000 r  
    E3                                                0.000    10.000 r  clk (IN)
                         net (fo=0)                   0.000    10.000    clk
    E3                   IBUF (Prop_ibuf_I_O)         1.411    11.411 r  clk_IBUF_inst/O
                         net (fo=1, routed)           1.920    13.331    clk_IBUF
    BUFGCTRL_X0Y16       BUFG (Prop_bufg_I_O)         0.091    13.422 r  clk_IBUF_BUFG_inst/O
                         net (fo=913, routed)         1.703    15.126    <hidden>
    RAMB36_X1Y4          RAMB36E1                                     r  <hidden>
                         clock pessimism              0.187    15.313    
                         clock uncertainty           -0.035    15.277    
    RAMB36_X1Y4          RAMB36E1 (Setup_ramb36e1_CLKARDCLK_ADDRARDADDR[3])
                                                     -0.566    14.711    <hidden>
  -------------------------------------------------------------------
                         required time                         14.711    
                         arrival time                         -14.056    
  -------------------------------------------------------------------
                         slack                                  0.655    

Slack (MET) :             0.673ns  (required time - arrival time)
  Source:                 VGA_manager/vram_address_reg[1]/C
                            (rising edge-triggered cell FDRE clocked by sys_clk_pin  {rise@0.000ns fall@5.000ns period=10.000ns})
  Destination:            <hidden>
                            (rising edge-triggered cell RAMB36E1 clocked by sys_clk_pin  {rise@0.000ns fall@5.000ns period=10.000ns})
  Path Group:             sys_clk_pin
  Path Type:              Setup (Max at Slow Process Corner)
  Requirement:            10.000ns  (sys_clk_pin rise@10.000ns - sys_clk_pin rise@0.000ns)
  Data Path Delay:        8.861ns  (logic 0.518ns (5.846%)  route 8.343ns (94.154%))
  Logic Levels:           0  
  Clock Path Skew:        0.135ns (DCD - SCD + CPR)
    Destination Clock Delay (DCD):    5.177ns = ( 15.177 - 10.000 ) 
    Source Clock Delay      (SCD):    5.229ns
    Clock Pessimism Removal (CPR):    0.187ns
  Clock Uncertainty:      0.035ns  ((TSJ^2 + TIJ^2)^1/2 + DJ) / 2 + PE
    Total System Jitter     (TSJ):    0.071ns
    Total Input Jitter      (TIJ):    0.000ns
    Discrete Jitter          (DJ):    0.000ns
    Phase Error              (PE):    0.000ns

    Location             Delay type                Incr(ns)  Path(ns)    Netlist Resource(s)
  -------------------------------------------------------------------    -------------------
                         (clock sys_clk_pin rise edge)
                                                      0.000     0.000 r  
    E3                                                0.000     0.000 r  clk (IN)
                         net (fo=0)                   0.000     0.000    clk
    E3                   IBUF (Prop_ibuf_I_O)         1.482     1.482 r  clk_IBUF_inst/O
                         net (fo=1, routed)           2.025     3.506    clk_IBUF
    BUFGCTRL_X0Y16       BUFG (Prop_bufg_I_O)         0.096     3.602 r  clk_IBUF_BUFG_inst/O
                         net (fo=913, routed)         1.626     5.229    VGA_manager/clk_IBUF_BUFG
    SLICE_X12Y74         FDRE                                         r  VGA_manager/vram_address_reg[1]/C
  -------------------------------------------------------------------    -------------------
    SLICE_X12Y74         FDRE (Prop_fdre_C_Q)         0.518     5.747 r  VGA_manager/vram_address_reg[1]/Q
                         net (fo=108, routed)         8.343    14.089    <hidden>
    RAMB36_X2Y4          RAMB36E1                                     r  <hidden>
  -------------------------------------------------------------------    -------------------

                         (clock sys_clk_pin rise edge)
                                                     10.000    10.000 r  
    E3                                                0.000    10.000 r  clk (IN)
                         net (fo=0)                   0.000    10.000    clk
    E3                   IBUF (Prop_ibuf_I_O)         1.411    11.411 r  clk_IBUF_inst/O
                         net (fo=1, routed)           1.920    13.331    clk_IBUF
    BUFGCTRL_X0Y16       BUFG (Prop_bufg_I_O)         0.091    13.422 r  clk_IBUF_BUFG_inst/O
                         net (fo=913, routed)         1.754    15.177    <hidden>
    RAMB36_X2Y4          RAMB36E1                                     r  <hidden>
                         clock pessimism              0.187    15.364    
                         clock uncertainty           -0.035    15.328    
    RAMB36_X2Y4          RAMB36E1 (Setup_ramb36e1_CLKARDCLK_ADDRARDADDR[1])
                                                     -0.566    14.762    <hidden>
  -------------------------------------------------------------------
                         required time                         14.762    
                         arrival time                         -14.089    
  -------------------------------------------------------------------
                         slack                                  0.673    





Min Delay Paths
--------------------------------------------------------------------------------------
Slack (MET) :             0.079ns  (arrival time - required time)
  Source:                 VGA_manager/vram_address_reg[8]/C
                            (rising edge-triggered cell FDRE clocked by sys_clk_pin  {rise@0.000ns fall@5.000ns period=10.000ns})
  Destination:            <hidden>
                            (rising edge-triggered cell RAMB36E1 clocked by sys_clk_pin  {rise@0.000ns fall@5.000ns period=10.000ns})
  Path Group:             sys_clk_pin
  Path Type:              Hold (Min at Fast Process Corner)
  Requirement:            0.000ns  (sys_clk_pin rise@0.000ns - sys_clk_pin rise@0.000ns)
  Data Path Delay:        0.342ns  (logic 0.141ns (41.244%)  route 0.201ns (58.756%))
  Logic Levels:           0  
  Clock Path Skew:        0.079ns (DCD - SCD - CPR)
    Destination Clock Delay (DCD):    2.041ns
    Source Clock Delay      (SCD):    1.482ns
    Clock Pessimism Removal (CPR):    0.479ns

    Location             Delay type                Incr(ns)  Path(ns)    Netlist Resource(s)
  -------------------------------------------------------------------    -------------------
                         (clock sys_clk_pin rise edge)
                                                      0.000     0.000 r  
    E3                                                0.000     0.000 r  clk (IN)
                         net (fo=0)                   0.000     0.000    clk
    E3                   IBUF (Prop_ibuf_I_O)         0.250     0.250 r  clk_IBUF_inst/O
                         net (fo=1, routed)           0.644     0.894    clk_IBUF
    BUFGCTRL_X0Y16       BUFG (Prop_bufg_I_O)         0.026     0.920 r  clk_IBUF_BUFG_inst/O
                         net (fo=913, routed)         0.563     1.482    VGA_manager/clk_IBUF_BUFG
    SLICE_X11Y76         FDRE                                         r  VGA_manager/vram_address_reg[8]/C
  -------------------------------------------------------------------    -------------------
    SLICE_X11Y76         FDRE (Prop_fdre_C_Q)         0.141     1.623 r  VGA_manager/vram_address_reg[8]/Q
                         net (fo=107, routed)         0.201     1.824    <hidden>
    RAMB36_X0Y15         RAMB36E1                                     r  <hidden>
  -------------------------------------------------------------------    -------------------

                         (clock sys_clk_pin rise edge)
                                                      0.000     0.000 r  
    E3                                                0.000     0.000 r  clk (IN)
                         net (fo=0)                   0.000     0.000    clk
    E3                   IBUF (Prop_ibuf_I_O)         0.438     0.438 r  clk_IBUF_inst/O
                         net (fo=1, routed)           0.699     1.136    clk_IBUF
    BUFGCTRL_X0Y16       BUFG (Prop_bufg_I_O)         0.029     1.165 r  clk_IBUF_BUFG_inst/O
                         net (fo=913, routed)         0.876     2.041    <hidden>
    RAMB36_X0Y15         RAMB36E1                                     r  <hidden>
                         clock pessimism             -0.479     1.562    
    RAMB36_X0Y15         RAMB36E1 (Hold_ramb36e1_CLKARDCLK_ADDRARDADDR[11])
                                                      0.183     1.745    <hidden>
  -------------------------------------------------------------------
                         required time                         -1.745    
                         arrival time                           1.824    
  -------------------------------------------------------------------
                         slack                                  0.079    

Slack (MET) :             0.080ns  (arrival time - required time)
  Source:                 uart_input_manager/uart_rx/UART_RX_Data_Out_reg[0]/C
                            (rising edge-triggered cell FDRE clocked by sys_clk_pin  {rise@0.000ns fall@5.000ns period=10.000ns})
  Destination:            uart_input_manager/simpleFIFO/mem_reg_0_1_0_5/RAMA/I
                            (rising edge-triggered cell RAMD32 clocked by sys_clk_pin  {rise@0.000ns fall@5.000ns period=10.000ns})
  Path Group:             sys_clk_pin
  Path Type:              Hold (Min at Fast Process Corner)
  Requirement:            0.000ns  (sys_clk_pin rise@0.000ns - sys_clk_pin rise@0.000ns)
  Data Path Delay:        0.260ns  (logic 0.141ns (54.297%)  route 0.119ns (45.703%))
  Logic Levels:           0  
  Clock Path Skew:        0.033ns (DCD - SCD - CPR)
    Destination Clock Delay (DCD):    1.995ns
    Source Clock Delay      (SCD):    1.482ns
    Clock Pessimism Removal (CPR):    0.479ns

    Location             Delay type                Incr(ns)  Path(ns)    Netlist Resource(s)
  -------------------------------------------------------------------    -------------------
                         (clock sys_clk_pin rise edge)
                                                      0.000     0.000 r  
    E3                                                0.000     0.000 r  clk (IN)
                         net (fo=0)                   0.000     0.000    clk
    E3                   IBUF (Prop_ibuf_I_O)         0.250     0.250 r  clk_IBUF_inst/O
                         net (fo=1, routed)           0.644     0.894    clk_IBUF
    BUFGCTRL_X0Y16       BUFG (Prop_bufg_I_O)         0.026     0.920 r  clk_IBUF_BUFG_inst/O
                         net (fo=913, routed)         0.563     1.482    uart_input_manager/uart_rx/clk_IBUF_BUFG
    SLICE_X48Y87         FDRE                                         r  uart_input_manager/uart_rx/UART_RX_Data_Out_reg[0]/C
  -------------------------------------------------------------------    -------------------
    SLICE_X48Y87         FDRE (Prop_fdre_C_Q)         0.141     1.623 r  uart_input_manager/uart_rx/UART_RX_Data_Out_reg[0]/Q
                         net (fo=1, routed)           0.119     1.742    uart_input_manager/simpleFIFO/mem_reg_0_1_0_5/DIA0
    SLICE_X50Y86         RAMD32                                       r  uart_input_manager/simpleFIFO/mem_reg_0_1_0_5/RAMA/I
  -------------------------------------------------------------------    -------------------

                         (clock sys_clk_pin rise edge)
                                                      0.000     0.000 r  
    E3                                                0.000     0.000 r  clk (IN)
                         net (fo=0)                   0.000     0.000    clk
    E3                   IBUF (Prop_ibuf_I_O)         0.438     0.438 r  clk_IBUF_inst/O
                         net (fo=1, routed)           0.699     1.136    clk_IBUF
    BUFGCTRL_X0Y16       BUFG (Prop_bufg_I_O)         0.029     1.165 r  clk_IBUF_BUFG_inst/O
                         net (fo=913, routed)         0.830     1.995    uart_input_manager/simpleFIFO/mem_reg_0_1_0_5/WCLK
    SLICE_X50Y86         RAMD32                                       r  uart_input_manager/simpleFIFO/mem_reg_0_1_0_5/RAMA/CLK
                         clock pessimism             -0.479     1.515    
    SLICE_X50Y86         RAMD32 (Hold_ramd32_CLK_I)
                                                      0.147     1.662    uart_input_manager/simpleFIFO/mem_reg_0_1_0_5/RAMA
  -------------------------------------------------------------------
                         required time                         -1.662    
                         arrival time                           1.742    
  -------------------------------------------------------------------
                         slack                                  0.080    

Slack (MET) :             0.111ns  (arrival time - required time)
  Source:                 VGA_manager/vram_address_reg[9]/C
                            (rising edge-triggered cell FDRE clocked by sys_clk_pin  {rise@0.000ns fall@5.000ns period=10.000ns})
  Destination:            <hidden>
                            (rising edge-triggered cell RAMB36E1 clocked by sys_clk_pin  {rise@0.000ns fall@5.000ns period=10.000ns})
  Path Group:             sys_clk_pin
  Path Type:              Hold (Min at Fast Process Corner)
  Requirement:            0.000ns  (sys_clk_pin rise@0.000ns - sys_clk_pin rise@0.000ns)
  Data Path Delay:        0.372ns  (logic 0.141ns (37.922%)  route 0.231ns (62.078%))
  Logic Levels:           0  
  Clock Path Skew:        0.077ns (DCD - SCD - CPR)
    Destination Clock Delay (DCD):    2.041ns
    Source Clock Delay      (SCD):    1.484ns
    Clock Pessimism Removal (CPR):    0.479ns

    Location             Delay type                Incr(ns)  Path(ns)    Netlist Resource(s)
  -------------------------------------------------------------------    -------------------
                         (clock sys_clk_pin rise edge)
                                                      0.000     0.000 r  
    E3                                                0.000     0.000 r  clk (IN)
                         net (fo=0)                   0.000     0.000    clk
    E3                   IBUF (Prop_ibuf_I_O)         0.250     0.250 r  clk_IBUF_inst/O
                         net (fo=1, routed)           0.644     0.894    clk_IBUF
    BUFGCTRL_X0Y16       BUFG (Prop_bufg_I_O)         0.026     0.920 r  clk_IBUF_BUFG_inst/O
                         net (fo=913, routed)         0.565     1.484    VGA_manager/clk_IBUF_BUFG
    SLICE_X11Y77         FDRE                                         r  VGA_manager/vram_address_reg[9]/C
  -------------------------------------------------------------------    -------------------
    SLICE_X11Y77         FDRE (Prop_fdre_C_Q)         0.141     1.625 r  VGA_manager/vram_address_reg[9]/Q
                         net (fo=108, routed)         0.231     1.856    <hidden>
    RAMB36_X0Y15         RAMB36E1                                     r  <hidden>
  -------------------------------------------------------------------    -------------------

                         (clock sys_clk_pin rise edge)
                                                      0.000     0.000 r  
    E3                                                0.000     0.000 r  clk (IN)
                         net (fo=0)                   0.000     0.000    clk
    E3                   IBUF (Prop_ibuf_I_O)         0.438     0.438 r  clk_IBUF_inst/O
                         net (fo=1, routed)           0.699     1.136    clk_IBUF
    BUFGCTRL_X0Y16       BUFG (Prop_bufg_I_O)         0.029     1.165 r  clk_IBUF_BUFG_inst/O
                         net (fo=913, routed)         0.876     2.041    <hidden>
    RAMB36_X0Y15         RAMB36E1                                     r  <hidden>
                         clock pessimism             -0.479     1.562    
    RAMB36_X0Y15         RAMB36E1 (Hold_ramb36e1_CLKARDCLK_ADDRARDADDR[12])
                                                      0.183     1.745    <hidden>
  -------------------------------------------------------------------
                         required time                         -1.745    
                         arrival time                           1.856    
  -------------------------------------------------------------------
                         slack                                  0.111    

Slack (MET) :             0.128ns  (arrival time - required time)
  Source:                 uart_input_manager/uart_rx/UART_RX_Data_Out_reg[6]/C
                            (rising edge-triggered cell FDRE clocked by sys_clk_pin  {rise@0.000ns fall@5.000ns period=10.000ns})
  Destination:            uart_input_manager/simpleFIFO/mem_reg_0_1_6_7/SP/I
                            (rising edge-triggered cell RAMD32 clocked by sys_clk_pin  {rise@0.000ns fall@5.000ns period=10.000ns})
  Path Group:             sys_clk_pin
  Path Type:              Hold (Min at Fast Process Corner)
  Requirement:            0.000ns  (sys_clk_pin rise@0.000ns - sys_clk_pin rise@0.000ns)
  Data Path Delay:        0.283ns  (logic 0.141ns (49.827%)  route 0.142ns (50.173%))
  Logic Levels:           0  
  Clock Path Skew:        0.034ns (DCD - SCD - CPR)
    Destination Clock Delay (DCD):    1.996ns
    Source Clock Delay      (SCD):    1.482ns
    Clock Pessimism Removal (CPR):    0.479ns

    Location             Delay type                Incr(ns)  Path(ns)    Netlist Resource(s)
  -------------------------------------------------------------------    -------------------
                         (clock sys_clk_pin rise edge)
                                                      0.000     0.000 r  
    E3                                                0.000     0.000 r  clk (IN)
                         net (fo=0)                   0.000     0.000    clk
    E3                   IBUF (Prop_ibuf_I_O)         0.250     0.250 r  clk_IBUF_inst/O
                         net (fo=1, routed)           0.644     0.894    clk_IBUF
    BUFGCTRL_X0Y16       BUFG (Prop_bufg_I_O)         0.026     0.920 r  clk_IBUF_BUFG_inst/O
                         net (fo=913, routed)         0.563     1.482    uart_input_manager/uart_rx/clk_IBUF_BUFG
    SLICE_X49Y87         FDRE                                         r  uart_input_manager/uart_rx/UART_RX_Data_Out_reg[6]/C
  -------------------------------------------------------------------    -------------------
    SLICE_X49Y87         FDRE (Prop_fdre_C_Q)         0.141     1.623 r  uart_input_manager/uart_rx/UART_RX_Data_Out_reg[6]/Q
                         net (fo=3, routed)           0.142     1.765    uart_input_manager/simpleFIFO/mem_reg_0_1_6_7/D
    SLICE_X50Y87         RAMD32                                       r  uart_input_manager/simpleFIFO/mem_reg_0_1_6_7/SP/I
  -------------------------------------------------------------------    -------------------

                         (clock sys_clk_pin rise edge)
                                                      0.000     0.000 r  
    E3                                                0.000     0.000 r  clk (IN)
                         net (fo=0)                   0.000     0.000    clk
    E3                   IBUF (Prop_ibuf_I_O)         0.438     0.438 r  clk_IBUF_inst/O
                         net (fo=1, routed)           0.699     1.136    clk_IBUF
    BUFGCTRL_X0Y16       BUFG (Prop_bufg_I_O)         0.029     1.165 r  clk_IBUF_BUFG_inst/O
                         net (fo=913, routed)         0.831     1.996    uart_input_manager/simpleFIFO/mem_reg_0_1_6_7/WCLK
    SLICE_X50Y87         RAMD32                                       r  uart_input_manager/simpleFIFO/mem_reg_0_1_6_7/SP/CLK
                         clock pessimism             -0.479     1.516    
    SLICE_X50Y87         RAMD32 (Hold_ramd32_CLK_I)
                                                      0.121     1.637    uart_input_manager/simpleFIFO/mem_reg_0_1_6_7/SP
  -------------------------------------------------------------------
                         required time                         -1.637    
                         arrival time                           1.765    
  -------------------------------------------------------------------
                         slack                                  0.128    

Slack (MET) :             0.144ns  (arrival time - required time)
  Source:                 VGA_manager/vram_address_reg[10]/C
                            (rising edge-triggered cell FDRE clocked by sys_clk_pin  {rise@0.000ns fall@5.000ns period=10.000ns})
  Destination:            <hidden>
                            (rising edge-triggered cell RAMB36E1 clocked by sys_clk_pin  {rise@0.000ns fall@5.000ns period=10.000ns})
  Path Group:             sys_clk_pin
  Path Type:              Hold (Min at Fast Process Corner)
  Requirement:            0.000ns  (sys_clk_pin rise@0.000ns - sys_clk_pin rise@0.000ns)
  Data Path Delay:        0.404ns  (logic 0.141ns (34.868%)  route 0.263ns (65.132%))
  Logic Levels:           0  
  Clock Path Skew:        0.077ns (DCD - SCD - CPR)
    Destination Clock Delay (DCD):    2.041ns
    Source Clock Delay      (SCD):    1.484ns
    Clock Pessimism Removal (CPR):    0.479ns

    Location             Delay type                Incr(ns)  Path(ns)    Netlist Resource(s)
  -------------------------------------------------------------------    -------------------
                         (clock sys_clk_pin rise edge)
                                                      0.000     0.000 r  
    E3                                                0.000     0.000 r  clk (IN)
                         net (fo=0)                   0.000     0.000    clk
    E3                   IBUF (Prop_ibuf_I_O)         0.250     0.250 r  clk_IBUF_inst/O
                         net (fo=1, routed)           0.644     0.894    clk_IBUF
    BUFGCTRL_X0Y16       BUFG (Prop_bufg_I_O)         0.026     0.920 r  clk_IBUF_BUFG_inst/O
                         net (fo=913, routed)         0.565     1.484    VGA_manager/clk_IBUF_BUFG
    SLICE_X11Y77         FDRE                                         r  VGA_manager/vram_address_reg[10]/C
  -------------------------------------------------------------------    -------------------
    SLICE_X11Y77         FDRE (Prop_fdre_C_Q)         0.141     1.625 r  VGA_manager/vram_address_reg[10]/Q
                         net (fo=107, routed)         0.263     1.889    <hidden>
    RAMB36_X0Y15         RAMB36E1                                     r  <hidden>
  -------------------------------------------------------------------    -------------------

                         (clock sys_clk_pin rise edge)
                                                      0.000     0.000 r  
    E3                                                0.000     0.000 r  clk (IN)
                         net (fo=0)                   0.000     0.000    clk
    E3                   IBUF (Prop_ibuf_I_O)         0.438     0.438 r  clk_IBUF_inst/O
                         net (fo=1, routed)           0.699     1.136    clk_IBUF
    BUFGCTRL_X0Y16       BUFG (Prop_bufg_I_O)         0.029     1.165 r  clk_IBUF_BUFG_inst/O
                         net (fo=913, routed)         0.876     2.041    <hidden>
    RAMB36_X0Y15         RAMB36E1                                     r  <hidden>
                         clock pessimism             -0.479     1.562    
    RAMB36_X0Y15         RAMB36E1 (Hold_ramb36e1_CLKARDCLK_ADDRARDADDR[13])
                                                      0.183     1.745    <hidden>
  -------------------------------------------------------------------
                         required time                         -1.745    
                         arrival time                           1.889    
  -------------------------------------------------------------------
                         slack                                  0.144    

Slack (MET) :             0.145ns  (arrival time - required time)
  Source:                 uart_input_manager/uart_rx/UART_RX_Data_Out_reg[7]/C
                            (rising edge-triggered cell FDRE clocked by sys_clk_pin  {rise@0.000ns fall@5.000ns period=10.000ns})
  Destination:            uart_input_manager/simpleFIFO/mem_reg_0_1_6_7__0/SP/I
                            (rising edge-triggered cell RAMD32 clocked by sys_clk_pin  {rise@0.000ns fall@5.000ns period=10.000ns})
  Path Group:             sys_clk_pin
  Path Type:              Hold (Min at Fast Process Corner)
  Requirement:            0.000ns  (sys_clk_pin rise@0.000ns - sys_clk_pin rise@0.000ns)
  Data Path Delay:        0.323ns  (logic 0.141ns (43.622%)  route 0.182ns (56.378%))
  Logic Levels:           0  
  Clock Path Skew:        0.034ns (DCD - SCD - CPR)
    Destination Clock Delay (DCD):    1.996ns
    Source Clock Delay      (SCD):    1.482ns
    Clock Pessimism Removal (CPR):    0.479ns

    Location             Delay type                Incr(ns)  Path(ns)    Netlist Resource(s)
  -------------------------------------------------------------------    -------------------
                         (clock sys_clk_pin rise edge)
                                                      0.000     0.000 r  
    E3                                                0.000     0.000 r  clk (IN)
                         net (fo=0)                   0.000     0.000    clk
    E3                   IBUF (Prop_ibuf_I_O)         0.250     0.250 r  clk_IBUF_inst/O
                         net (fo=1, routed)           0.644     0.894    clk_IBUF
    BUFGCTRL_X0Y16       BUFG (Prop_bufg_I_O)         0.026     0.920 r  clk_IBUF_BUFG_inst/O
                         net (fo=913, routed)         0.563     1.482    uart_input_manager/uart_rx/clk_IBUF_BUFG
    SLICE_X49Y87         FDRE                                         r  uart_input_manager/uart_rx/UART_RX_Data_Out_reg[7]/C
  -------------------------------------------------------------------    -------------------
    SLICE_X49Y87         FDRE (Prop_fdre_C_Q)         0.141     1.623 r  uart_input_manager/uart_rx/UART_RX_Data_Out_reg[7]/Q
                         net (fo=3, routed)           0.182     1.806    uart_input_manager/simpleFIFO/mem_reg_0_1_6_7__0/D
    SLICE_X50Y87         RAMD32                                       r  uart_input_manager/simpleFIFO/mem_reg_0_1_6_7__0/SP/I
  -------------------------------------------------------------------    -------------------

                         (clock sys_clk_pin rise edge)
                                                      0.000     0.000 r  
    E3                                                0.000     0.000 r  clk (IN)
                         net (fo=0)                   0.000     0.000    clk
    E3                   IBUF (Prop_ibuf_I_O)         0.438     0.438 r  clk_IBUF_inst/O
                         net (fo=1, routed)           0.699     1.136    clk_IBUF
    BUFGCTRL_X0Y16       BUFG (Prop_bufg_I_O)         0.029     1.165 r  clk_IBUF_BUFG_inst/O
                         net (fo=913, routed)         0.831     1.996    uart_input_manager/simpleFIFO/mem_reg_0_1_6_7__0/WCLK
    SLICE_X50Y87         RAMD32                                       r  uart_input_manager/simpleFIFO/mem_reg_0_1_6_7__0/SP/CLK
                         clock pessimism             -0.479     1.516    
    SLICE_X50Y87         RAMD32 (Hold_ramd32_CLK_I)
                                                      0.144     1.660    uart_input_manager/simpleFIFO/mem_reg_0_1_6_7__0/SP
  -------------------------------------------------------------------
                         required time                         -1.660    
                         arrival time                           1.806    
  -------------------------------------------------------------------
                         slack                                  0.145    

Slack (MET) :             0.151ns  (arrival time - required time)
  Source:                 uart_input_manager/uart_rx/UART_RX_Data_Out_reg[4]/C
                            (rising edge-triggered cell FDRE clocked by sys_clk_pin  {rise@0.000ns fall@5.000ns period=10.000ns})
  Destination:            uart_input_manager/simpleFIFO/mem_reg_0_1_0_5/RAMC/I
                            (rising edge-triggered cell RAMD32 clocked by sys_clk_pin  {rise@0.000ns fall@5.000ns period=10.000ns})
  Path Group:             sys_clk_pin
  Path Type:              Hold (Min at Fast Process Corner)
  Requirement:            0.000ns  (sys_clk_pin rise@0.000ns - sys_clk_pin rise@0.000ns)
  Data Path Delay:        0.328ns  (logic 0.141ns (43.007%)  route 0.187ns (56.993%))
  Logic Levels:           0  
  Clock Path Skew:        0.033ns (DCD - SCD - CPR)
    Destination Clock Delay (DCD):    1.995ns
    Source Clock Delay      (SCD):    1.482ns
    Clock Pessimism Removal (CPR):    0.479ns

    Location             Delay type                Incr(ns)  Path(ns)    Netlist Resource(s)
  -------------------------------------------------------------------    -------------------
                         (clock sys_clk_pin rise edge)
                                                      0.000     0.000 r  
    E3                                                0.000     0.000 r  clk (IN)
                         net (fo=0)                   0.000     0.000    clk
    E3                   IBUF (Prop_ibuf_I_O)         0.250     0.250 r  clk_IBUF_inst/O
                         net (fo=1, routed)           0.644     0.894    clk_IBUF
    BUFGCTRL_X0Y16       BUFG (Prop_bufg_I_O)         0.026     0.920 r  clk_IBUF_BUFG_inst/O
                         net (fo=913, routed)         0.563     1.482    uart_input_manager/uart_rx/clk_IBUF_BUFG
    SLICE_X49Y87         FDRE                                         r  uart_input_manager/uart_rx/UART_RX_Data_Out_reg[4]/C
  -------------------------------------------------------------------    -------------------
    SLICE_X49Y87         FDRE (Prop_fdre_C_Q)         0.141     1.623 r  uart_input_manager/uart_rx/UART_RX_Data_Out_reg[4]/Q
                         net (fo=2, routed)           0.187     1.810    uart_input_manager/simpleFIFO/mem_reg_0_1_0_5/DIC0
    SLICE_X50Y86         RAMD32                                       r  uart_input_manager/simpleFIFO/mem_reg_0_1_0_5/RAMC/I
  -------------------------------------------------------------------    -------------------

                         (clock sys_clk_pin rise edge)
                                                      0.000     0.000 r  
    E3                                                0.000     0.000 r  clk (IN)
                         net (fo=0)                   0.000     0.000    clk
    E3                   IBUF (Prop_ibuf_I_O)         0.438     0.438 r  clk_IBUF_inst/O
                         net (fo=1, routed)           0.699     1.136    clk_IBUF
    BUFGCTRL_X0Y16       BUFG (Prop_bufg_I_O)         0.029     1.165 r  clk_IBUF_BUFG_inst/O
                         net (fo=913, routed)         0.830     1.995    uart_input_manager/simpleFIFO/mem_reg_0_1_0_5/WCLK
    SLICE_X50Y86         RAMD32                                       r  uart_input_manager/simpleFIFO/mem_reg_0_1_0_5/RAMC/CLK
                         clock pessimism             -0.479     1.515    
    SLICE_X50Y86         RAMD32 (Hold_ramd32_CLK_I)
                                                      0.144     1.659    uart_input_manager/simpleFIFO/mem_reg_0_1_0_5/RAMC
  -------------------------------------------------------------------
                         required time                         -1.659    
                         arrival time                           1.810    
  -------------------------------------------------------------------
                         slack                                  0.151    

Slack (MET) :             0.171ns  (arrival time - required time)
  Source:                 uart_input_manager/uart_rx/UART_RX_Data_Out_reg[1]/C
                            (rising edge-triggered cell FDRE clocked by sys_clk_pin  {rise@0.000ns fall@5.000ns period=10.000ns})
  Destination:            uart_input_manager/simpleFIFO/mem_reg_0_1_0_5/RAMA_D1/I
                            (rising edge-triggered cell RAMD32 clocked by sys_clk_pin  {rise@0.000ns fall@5.000ns period=10.000ns})
  Path Group:             sys_clk_pin
  Path Type:              Hold (Min at Fast Process Corner)
  Requirement:            0.000ns  (sys_clk_pin rise@0.000ns - sys_clk_pin rise@0.000ns)
  Data Path Delay:        0.324ns  (logic 0.141ns (43.528%)  route 0.183ns (56.472%))
  Logic Levels:           0  
  Clock Path Skew:        0.033ns (DCD - SCD - CPR)
    Destination Clock Delay (DCD):    1.995ns
    Source Clock Delay      (SCD):    1.482ns
    Clock Pessimism Removal (CPR):    0.479ns

    Location             Delay type                Incr(ns)  Path(ns)    Netlist Resource(s)
  -------------------------------------------------------------------    -------------------
                         (clock sys_clk_pin rise edge)
                                                      0.000     0.000 r  
    E3                                                0.000     0.000 r  clk (IN)
                         net (fo=0)                   0.000     0.000    clk
    E3                   IBUF (Prop_ibuf_I_O)         0.250     0.250 r  clk_IBUF_inst/O
                         net (fo=1, routed)           0.644     0.894    clk_IBUF
    BUFGCTRL_X0Y16       BUFG (Prop_bufg_I_O)         0.026     0.920 r  clk_IBUF_BUFG_inst/O
                         net (fo=913, routed)         0.563     1.482    uart_input_manager/uart_rx/clk_IBUF_BUFG
    SLICE_X48Y87         FDRE                                         r  uart_input_manager/uart_rx/UART_RX_Data_Out_reg[1]/C
  -------------------------------------------------------------------    -------------------
    SLICE_X48Y87         FDRE (Prop_fdre_C_Q)         0.141     1.623 r  uart_input_manager/uart_rx/UART_RX_Data_Out_reg[1]/Q
                         net (fo=2, routed)           0.183     1.806    uart_input_manager/simpleFIFO/mem_reg_0_1_0_5/DIA1
    SLICE_X50Y86         RAMD32                                       r  uart_input_manager/simpleFIFO/mem_reg_0_1_0_5/RAMA_D1/I
  -------------------------------------------------------------------    -------------------

                         (clock sys_clk_pin rise edge)
                                                      0.000     0.000 r  
    E3                                                0.000     0.000 r  clk (IN)
                         net (fo=0)                   0.000     0.000    clk
    E3                   IBUF (Prop_ibuf_I_O)         0.438     0.438 r  clk_IBUF_inst/O
                         net (fo=1, routed)           0.699     1.136    clk_IBUF
    BUFGCTRL_X0Y16       BUFG (Prop_bufg_I_O)         0.029     1.165 r  clk_IBUF_BUFG_inst/O
                         net (fo=913, routed)         0.830     1.995    uart_input_manager/simpleFIFO/mem_reg_0_1_0_5/WCLK
    SLICE_X50Y86         RAMD32                                       r  uart_input_manager/simpleFIFO/mem_reg_0_1_0_5/RAMA_D1/CLK
                         clock pessimism             -0.479     1.515    
    SLICE_X50Y86         RAMD32 (Hold_ramd32_CLK_I)
                                                      0.120     1.635    uart_input_manager/simpleFIFO/mem_reg_0_1_0_5/RAMA_D1
  -------------------------------------------------------------------
                         required time                         -1.635    
                         arrival time                           1.806    
  -------------------------------------------------------------------
                         slack                                  0.171    

Slack (MET) :             0.172ns  (arrival time - required time)
  Source:                 uart_input_manager/uart_rx/UART_RX_Data_Out_reg[7]/C
                            (rising edge-triggered cell FDRE clocked by sys_clk_pin  {rise@0.000ns fall@5.000ns period=10.000ns})
  Destination:            uart_input_manager/simpleFIFO/mem_reg_0_1_6_7__0/DP/I
                            (rising edge-triggered cell RAMD32 clocked by sys_clk_pin  {rise@0.000ns fall@5.000ns period=10.000ns})
  Path Group:             sys_clk_pin
  Path Type:              Hold (Min at Fast Process Corner)
  Requirement:            0.000ns  (sys_clk_pin rise@0.000ns - sys_clk_pin rise@0.000ns)
  Data Path Delay:        0.323ns  (logic 0.141ns (43.622%)  route 0.182ns (56.378%))
  Logic Levels:           0  
  Clock Path Skew:        0.034ns (DCD - SCD - CPR)
    Destination Clock Delay (DCD):    1.996ns
    Source Clock Delay      (SCD):    1.482ns
    Clock Pessimism Removal (CPR):    0.479ns

    Location             Delay type                Incr(ns)  Path(ns)    Netlist Resource(s)
  -------------------------------------------------------------------    -------------------
                         (clock sys_clk_pin rise edge)
                                                      0.000     0.000 r  
    E3                                                0.000     0.000 r  clk (IN)
                         net (fo=0)                   0.000     0.000    clk
    E3                   IBUF (Prop_ibuf_I_O)         0.250     0.250 r  clk_IBUF_inst/O
                         net (fo=1, routed)           0.644     0.894    clk_IBUF
    BUFGCTRL_X0Y16       BUFG (Prop_bufg_I_O)         0.026     0.920 r  clk_IBUF_BUFG_inst/O
                         net (fo=913, routed)         0.563     1.482    uart_input_manager/uart_rx/clk_IBUF_BUFG
    SLICE_X49Y87         FDRE                                         r  uart_input_manager/uart_rx/UART_RX_Data_Out_reg[7]/C
  -------------------------------------------------------------------    -------------------
    SLICE_X49Y87         FDRE (Prop_fdre_C_Q)         0.141     1.623 r  uart_input_manager/uart_rx/UART_RX_Data_Out_reg[7]/Q
                         net (fo=3, routed)           0.182     1.806    uart_input_manager/simpleFIFO/mem_reg_0_1_6_7__0/D
    SLICE_X50Y87         RAMD32                                       r  uart_input_manager/simpleFIFO/mem_reg_0_1_6_7__0/DP/I
  -------------------------------------------------------------------    -------------------

                         (clock sys_clk_pin rise edge)
                                                      0.000     0.000 r  
    E3                                                0.000     0.000 r  clk (IN)
                         net (fo=0)                   0.000     0.000    clk
    E3                   IBUF (Prop_ibuf_I_O)         0.438     0.438 r  clk_IBUF_inst/O
                         net (fo=1, routed)           0.699     1.136    clk_IBUF
    BUFGCTRL_X0Y16       BUFG (Prop_bufg_I_O)         0.029     1.165 r  clk_IBUF_BUFG_inst/O
                         net (fo=913, routed)         0.831     1.996    uart_input_manager/simpleFIFO/mem_reg_0_1_6_7__0/WCLK
    SLICE_X50Y87         RAMD32                                       r  uart_input_manager/simpleFIFO/mem_reg_0_1_6_7__0/DP/CLK
                         clock pessimism             -0.479     1.516    
    SLICE_X50Y87         RAMD32 (Hold_ramd32_CLK_I)
                                                      0.117     1.633    uart_input_manager/simpleFIFO/mem_reg_0_1_6_7__0/DP
  -------------------------------------------------------------------
                         required time                         -1.633    
                         arrival time                           1.806    
  -------------------------------------------------------------------
                         slack                                  0.172    

Slack (MET) :             0.173ns  (arrival time - required time)
  Source:                 VGA_cpu/vgaGreen_reg[0]/C
                            (rising edge-triggered cell FDRE clocked by sys_clk_pin  {rise@0.000ns fall@5.000ns period=10.000ns})
  Destination:            VGA_manager/current_color_reg[4]/D
                            (rising edge-triggered cell FDRE clocked by sys_clk_pin  {rise@0.000ns fall@5.000ns period=10.000ns})
  Path Group:             sys_clk_pin
  Path Type:              Hold (Min at Fast Process Corner)
  Requirement:            0.000ns  (sys_clk_pin rise@0.000ns - sys_clk_pin rise@0.000ns)
  Data Path Delay:        0.279ns  (logic 0.164ns (58.684%)  route 0.115ns (41.316%))
  Logic Levels:           0  
  Clock Path Skew:        0.036ns (DCD - SCD - CPR)
    Destination Clock Delay (DCD):    1.998ns
    Source Clock Delay      (SCD):    1.482ns
    Clock Pessimism Removal (CPR):    0.479ns

    Location             Delay type                Incr(ns)  Path(ns)    Netlist Resource(s)
  -------------------------------------------------------------------    -------------------
                         (clock sys_clk_pin rise edge)
                                                      0.000     0.000 r  
    E3                                                0.000     0.000 r  clk (IN)
                         net (fo=0)                   0.000     0.000    clk
    E3                   IBUF (Prop_ibuf_I_O)         0.250     0.250 r  clk_IBUF_inst/O
                         net (fo=1, routed)           0.644     0.894    clk_IBUF
    BUFGCTRL_X0Y16       BUFG (Prop_bufg_I_O)         0.026     0.920 r  clk_IBUF_BUFG_inst/O
                         net (fo=913, routed)         0.563     1.482    VGA_cpu/clk_IBUF_BUFG
    SLICE_X34Y81         FDRE                                         r  VGA_cpu/vgaGreen_reg[0]/C
  -------------------------------------------------------------------    -------------------
    SLICE_X34Y81         FDRE (Prop_fdre_C_Q)         0.164     1.646 r  VGA_cpu/vgaGreen_reg[0]/Q
                         net (fo=1, routed)           0.115     1.762    VGA_manager/CPU_to_VGA_color[4]
    SLICE_X33Y81         FDRE                                         r  VGA_manager/current_color_reg[4]/D
  -------------------------------------------------------------------    -------------------

                         (clock sys_clk_pin rise edge)
                                                      0.000     0.000 r  
    E3                                                0.000     0.000 r  clk (IN)
                         net (fo=0)                   0.000     0.000    clk
    E3                   IBUF (Prop_ibuf_I_O)         0.438     0.438 r  clk_IBUF_inst/O
                         net (fo=1, routed)           0.699     1.136    clk_IBUF
    BUFGCTRL_X0Y16       BUFG (Prop_bufg_I_O)         0.029     1.165 r  clk_IBUF_BUFG_inst/O
                         net (fo=913, routed)         0.833     1.998    VGA_manager/clk_IBUF_BUFG
    SLICE_X33Y81         FDRE                                         r  VGA_manager/current_color_reg[4]/C
                         clock pessimism             -0.479     1.518    
    SLICE_X33Y81         FDRE (Hold_fdre_C_D)         0.070     1.588    VGA_manager/current_color_reg[4]
  -------------------------------------------------------------------
                         required time                         -1.588    
                         arrival time                           1.762    
  -------------------------------------------------------------------
                         slack                                  0.173    





Pulse Width Checks
--------------------------------------------------------------------------------------
Clock Name:         sys_clk_pin
Waveform(ns):       { 0.000 5.000 }
Period(ns):         10.000
Sources:            { clk }

Check Type        Corner  Lib Pin             Reference Pin  Required(ns)  Actual(ns)  Slack(ns)  Location      Pin
Min Period        n/a     RAMB36E1/CLKARDCLK  n/a            3.363         10.000      6.637      RAMB36_X2Y4   <hidden>
Min Period        n/a     RAMB36E1/CLKARDCLK  n/a            3.363         10.000      6.637      RAMB36_X2Y2   <hidden>
Min Period        n/a     RAMB36E1/CLKARDCLK  n/a            3.363         10.000      6.637      RAMB36_X2Y0   <hidden>
Min Period        n/a     RAMB36E1/CLKARDCLK  n/a            3.363         10.000      6.637      RAMB36_X3Y12  <hidden>
Min Period        n/a     RAMB36E1/CLKARDCLK  n/a            3.363         10.000      6.637      RAMB36_X2Y6   <hidden>
Min Period        n/a     RAMB36E1/CLKARDCLK  n/a            3.363         10.000      6.637      RAMB36_X1Y4   <hidden>
Min Period        n/a     RAMB36E1/CLKARDCLK  n/a            3.363         10.000      6.637      RAMB36_X3Y20  <hidden>
Min Period        n/a     RAMB36E1/CLKARDCLK  n/a            3.363         10.000      6.637      RAMB36_X2Y8   <hidden>
Min Period        n/a     RAMB36E1/CLKARDCLK  n/a            3.363         10.000      6.637      RAMB36_X1Y2   <hidden>
Min Period        n/a     RAMB36E1/CLKARDCLK  n/a            3.363         10.000      6.637      RAMB36_X3Y10  <hidden>
Low Pulse Width   Slow    RAMD32/CLK          n/a            1.250         5.000       3.750      SLICE_X50Y86  uart_input_manager/simpleFIFO/mem_reg_0_1_0_5/RAMA/CLK
Low Pulse Width   Fast    RAMD32/CLK          n/a            1.250         5.000       3.750      SLICE_X50Y86  uart_input_manager/simpleFIFO/mem_reg_0_1_0_5/RAMA/CLK
Low Pulse Width   Slow    RAMD32/CLK          n/a            1.250         5.000       3.750      SLICE_X50Y86  uart_input_manager/simpleFIFO/mem_reg_0_1_0_5/RAMA_D1/CLK
Low Pulse Width   Fast    RAMD32/CLK          n/a            1.250         5.000       3.750      SLICE_X50Y86  uart_input_manager/simpleFIFO/mem_reg_0_1_0_5/RAMA_D1/CLK
Low Pulse Width   Slow    RAMD32/CLK          n/a            1.250         5.000       3.750      SLICE_X50Y86  uart_input_manager/simpleFIFO/mem_reg_0_1_0_5/RAMB/CLK
Low Pulse Width   Fast    RAMD32/CLK          n/a            1.250         5.000       3.750      SLICE_X50Y86  uart_input_manager/simpleFIFO/mem_reg_0_1_0_5/RAMB/CLK
Low Pulse Width   Slow    RAMD32/CLK          n/a            1.250         5.000       3.750      SLICE_X50Y86  uart_input_manager/simpleFIFO/mem_reg_0_1_0_5/RAMB_D1/CLK
Low Pulse Width   Fast    RAMD32/CLK          n/a            1.250         5.000       3.750      SLICE_X50Y86  uart_input_manager/simpleFIFO/mem_reg_0_1_0_5/RAMB_D1/CLK
Low Pulse Width   Slow    RAMD32/CLK          n/a            1.250         5.000       3.750      SLICE_X50Y86  uart_input_manager/simpleFIFO/mem_reg_0_1_0_5/RAMC/CLK
Low Pulse Width   Fast    RAMD32/CLK          n/a            1.250         5.000       3.750      SLICE_X50Y86  uart_input_manager/simpleFIFO/mem_reg_0_1_0_5/RAMC/CLK
High Pulse Width  Slow    RAMD32/CLK          n/a            1.250         5.000       3.750      SLICE_X50Y86  uart_input_manager/simpleFIFO/mem_reg_0_1_0_5/RAMA/CLK
High Pulse Width  Fast    RAMD32/CLK          n/a            1.250         5.000       3.750      SLICE_X50Y86  uart_input_manager/simpleFIFO/mem_reg_0_1_0_5/RAMA/CLK
High Pulse Width  Slow    RAMD32/CLK          n/a            1.250         5.000       3.750      SLICE_X50Y86  uart_input_manager/simpleFIFO/mem_reg_0_1_0_5/RAMA_D1/CLK
High Pulse Width  Fast    RAMD32/CLK          n/a            1.250         5.000       3.750      SLICE_X50Y86  uart_input_manager/simpleFIFO/mem_reg_0_1_0_5/RAMA_D1/CLK
High Pulse Width  Slow    RAMD32/CLK          n/a            1.250         5.000       3.750      SLICE_X50Y86  uart_input_manager/simpleFIFO/mem_reg_0_1_0_5/RAMB/CLK
High Pulse Width  Fast    RAMD32/CLK          n/a            1.250         5.000       3.750      SLICE_X50Y86  uart_input_manager/simpleFIFO/mem_reg_0_1_0_5/RAMB/CLK
High Pulse Width  Slow    RAMD32/CLK          n/a            1.250         5.000       3.750      SLICE_X50Y86  uart_input_manager/simpleFIFO/mem_reg_0_1_0_5/RAMB_D1/CLK
High Pulse Width  Fast    RAMD32/CLK          n/a            1.250         5.000       3.750      SLICE_X50Y86  uart_input_manager/simpleFIFO/mem_reg_0_1_0_5/RAMB_D1/CLK
High Pulse Width  Slow    RAMD32/CLK          n/a            1.250         5.000       3.750      SLICE_X50Y86  uart_input_manager/simpleFIFO/mem_reg_0_1_0_5/RAMC/CLK
High Pulse Width  Fast    RAMD32/CLK          n/a            1.250         5.000       3.750      SLICE_X50Y86  uart_input_manager/simpleFIFO/mem_reg_0_1_0_5/RAMC/CLK



--------------------------------------------------------------------------------------
Path Group:  (none)
From Clock:  
  To Clock:  

Max Delay          1537 Endpoints
Min Delay          1537 Endpoints
--------------------------------------------------------------------------------------


Max Delay Paths
--------------------------------------------------------------------------------------
Slack:                    inf
  Source:                 vga/v_counter_reg[7]/C
                            (rising edge-triggered cell FDRE)
  Destination:            <hidden>
  Path Group:             (none)
  Path Type:              Max at Slow Process Corner
  Data Path Delay:        17.059ns  (logic 4.987ns (29.234%)  route 12.072ns (70.766%))
  Logic Levels:           5  (DSP48E1=1 FDRE=1 LUT3=2 LUT5=1)

    Location             Delay type                Incr(ns)  Path(ns)    Netlist Resource(s)
  -------------------------------------------------------------------    -------------------
    SLICE_X54Y97         FDRE                         0.000     0.000 r  vga/v_counter_reg[7]/C
    SLICE_X54Y97         FDRE (Prop_fdre_C_Q)         0.518     0.518 r  vga/v_counter_reg[7]/Q
                         net (fo=7, routed)           1.312     1.830    vga/v_counter[7]
    SLICE_X57Y96         LUT3 (Prop_lut3_I0_O)        0.152     1.982 r  vga/VGA_address_i_3/O
                         net (fo=1, routed)           0.531     2.513    next_y[7]
    DSP48_X1Y38          DSP48E1 (Prop_dsp48e1_A[7]_P[14])
                                                      4.043     6.556 f  VGA_address/P[14]
                         net (fo=38, routed)          1.397     7.954    <hidden>
    SLICE_X58Y91         LUT3 (Prop_lut3_I2_O)        0.124     8.078 r  <hidden>
                         net (fo=10, routed)          7.433    15.510    <hidden>
    SLICE_X9Y37          LUT5 (Prop_lut5_I4_O)        0.150    15.660 r  <hidden>
                         net (fo=1, routed)           1.399    17.059    <hidden>
    RAMB36_X0Y1          RAMB36E1                                     r  <hidden>
  -------------------------------------------------------------------    -------------------

Slack:                    inf
  Source:                 vga/v_counter_reg[7]/C
                            (rising edge-triggered cell FDRE)
  Destination:            <hidden>
  Path Group:             (none)
  Path Type:              Max at Slow Process Corner
  Data Path Delay:        16.845ns  (logic 4.865ns (28.881%)  route 11.980ns (71.119%))
  Logic Levels:           4  (DSP48E1=1 FDRE=1 LUT3=1 LUT5=1)

    Location             Delay type                Incr(ns)  Path(ns)    Netlist Resource(s)
  -------------------------------------------------------------------    -------------------
    SLICE_X54Y97         FDRE                         0.000     0.000 r  vga/v_counter_reg[7]/C
    SLICE_X54Y97         FDRE (Prop_fdre_C_Q)         0.518     0.518 r  vga/v_counter_reg[7]/Q
                         net (fo=7, routed)           1.312     1.830    vga/v_counter[7]
    SLICE_X57Y96         LUT3 (Prop_lut3_I0_O)        0.152     1.982 r  vga/VGA_address_i_3/O
                         net (fo=1, routed)           0.531     2.513    next_y[7]
    DSP48_X1Y38          DSP48E1 (Prop_dsp48e1_A[7]_P[15])
                                                      4.043     6.556 f  VGA_address/P[15]
                         net (fo=114, routed)         8.061    14.617    <hidden>
    SLICE_X72Y37         LUT5 (Prop_lut5_I3_O)        0.152    14.769 r  <hidden>
                         net (fo=1, routed)           2.076    16.845    <hidden>
    RAMB36_X2Y0          RAMB36E1                                     r  <hidden>
  -------------------------------------------------------------------    -------------------

Slack:                    inf
  Source:                 vga/v_counter_reg[7]/C
                            (rising edge-triggered cell FDRE)
  Destination:            <hidden>
  Path Group:             (none)
  Path Type:              Max at Slow Process Corner
  Data Path Delay:        16.769ns  (logic 4.961ns (29.584%)  route 11.808ns (70.416%))
  Logic Levels:           5  (DSP48E1=1 FDRE=1 LUT3=2 LUT5=1)

    Location             Delay type                Incr(ns)  Path(ns)    Netlist Resource(s)
  -------------------------------------------------------------------    -------------------
    SLICE_X54Y97         FDRE                         0.000     0.000 r  vga/v_counter_reg[7]/C
    SLICE_X54Y97         FDRE (Prop_fdre_C_Q)         0.518     0.518 r  vga/v_counter_reg[7]/Q
                         net (fo=7, routed)           1.312     1.830    vga/v_counter[7]
    SLICE_X57Y96         LUT3 (Prop_lut3_I0_O)        0.152     1.982 r  vga/VGA_address_i_3/O
                         net (fo=1, routed)           0.531     2.513    next_y[7]
    DSP48_X1Y38          DSP48E1 (Prop_dsp48e1_A[7]_P[14])
                                                      4.043     6.556 f  VGA_address/P[14]
                         net (fo=38, routed)          1.397     7.954    <hidden>
    SLICE_X58Y91         LUT3 (Prop_lut3_I2_O)        0.124     8.078 r  <hidden>
                         net (fo=10, routed)          7.433    15.510    <hidden>
    SLICE_X9Y37          LUT5 (Prop_lut5_I4_O)        0.124    15.634 r  <hidden>
                         net (fo=1, routed)           1.135    16.769    <hidden>
    RAMB36_X0Y3          RAMB36E1                                     r  <hidden>
  -------------------------------------------------------------------    -------------------

Slack:                    inf
  Source:                 vga/v_counter_reg[7]/C
                            (rising edge-triggered cell FDRE)
  Destination:            <hidden>
  Path Group:             (none)
  Path Type:              Max at Slow Process Corner
  Data Path Delay:        16.753ns  (logic 4.713ns (28.132%)  route 12.040ns (71.868%))
  Logic Levels:           3  (DSP48E1=1 FDRE=1 LUT3=1)

    Location             Delay type                Incr(ns)  Path(ns)    Netlist Resource(s)
  -------------------------------------------------------------------    -------------------
    SLICE_X54Y97         FDRE                         0.000     0.000 r  vga/v_counter_reg[7]/C
    SLICE_X54Y97         FDRE (Prop_fdre_C_Q)         0.518     0.518 r  vga/v_counter_reg[7]/Q
                         net (fo=7, routed)           1.312     1.830    vga/v_counter[7]
    SLICE_X57Y96         LUT3 (Prop_lut3_I0_O)        0.152     1.982 r  vga/VGA_address_i_3/O
                         net (fo=1, routed)           0.531     2.513    next_y[7]
    DSP48_X1Y38          DSP48E1 (Prop_dsp48e1_A[7]_P[15])
                                                      4.043     6.556 r  VGA_address/P[15]
                         net (fo=114, routed)        10.197    16.753    <hidden>
    RAMB36_X1Y5          RAMB36E1                                     r  <hidden>
  -------------------------------------------------------------------    -------------------

Slack:                    inf
  Source:                 vga/v_counter_reg[7]/C
                            (rising edge-triggered cell FDRE)
  Destination:            <hidden>
  Path Group:             (none)
  Path Type:              Max at Slow Process Corner
  Data Path Delay:        16.377ns  (logic 4.713ns (28.778%)  route 11.664ns (71.222%))
  Logic Levels:           3  (DSP48E1=1 FDRE=1 LUT3=1)

    Location             Delay type                Incr(ns)  Path(ns)    Netlist Resource(s)
  -------------------------------------------------------------------    -------------------
    SLICE_X54Y97         FDRE                         0.000     0.000 r  vga/v_counter_reg[7]/C
    SLICE_X54Y97         FDRE (Prop_fdre_C_Q)         0.518     0.518 r  vga/v_counter_reg[7]/Q
                         net (fo=7, routed)           1.312     1.830    vga/v_counter[7]
    SLICE_X57Y96         LUT3 (Prop_lut3_I0_O)        0.152     1.982 r  vga/VGA_address_i_3/O
                         net (fo=1, routed)           0.531     2.513    next_y[7]
    DSP48_X1Y38          DSP48E1 (Prop_dsp48e1_A[7]_P[15])
                                                      4.043     6.556 r  VGA_address/P[15]
                         net (fo=114, routed)         9.821    16.377    <hidden>
    RAMB36_X1Y4          RAMB36E1                                     r  <hidden>
  -------------------------------------------------------------------    -------------------

Slack:                    inf
  Source:                 vga/v_counter_reg[7]/C
                            (rising edge-triggered cell FDRE)
  Destination:            <hidden>
  Path Group:             (none)
  Path Type:              Max at Slow Process Corner
  Data Path Delay:        16.174ns  (logic 4.837ns (29.907%)  route 11.337ns (70.093%))
  Logic Levels:           4  (DSP48E1=1 FDRE=1 LUT3=1 LUT5=1)

    Location             Delay type                Incr(ns)  Path(ns)    Netlist Resource(s)
  -------------------------------------------------------------------    -------------------
    SLICE_X54Y97         FDRE                         0.000     0.000 r  vga/v_counter_reg[7]/C
    SLICE_X54Y97         FDRE (Prop_fdre_C_Q)         0.518     0.518 r  vga/v_counter_reg[7]/Q
                         net (fo=7, routed)           1.312     1.830    vga/v_counter[7]
    SLICE_X57Y96         LUT3 (Prop_lut3_I0_O)        0.152     1.982 r  vga/VGA_address_i_3/O
                         net (fo=1, routed)           0.531     2.513    next_y[7]
    DSP48_X1Y38          DSP48E1 (Prop_dsp48e1_A[7]_P[15])
                                                      4.043     6.556 f  VGA_address/P[15]
                         net (fo=114, routed)         8.409    14.966    <hidden>
    SLICE_X72Y42         LUT5 (Prop_lut5_I3_O)        0.124    15.090 r  <hidden>
                         net (fo=1, routed)           1.084    16.174    <hidden>
    RAMB36_X2Y6          RAMB36E1                                     r  <hidden>
  -------------------------------------------------------------------    -------------------

Slack:                    inf
  Source:                 vga/v_counter_reg[7]/C
                            (rising edge-triggered cell FDRE)
  Destination:            <hidden>
  Path Group:             (none)
  Path Type:              Max at Slow Process Corner
  Data Path Delay:        16.111ns  (logic 4.865ns (30.196%)  route 11.246ns (69.804%))
  Logic Levels:           4  (DSP48E1=1 FDRE=1 LUT3=1 LUT5=1)

    Location             Delay type                Incr(ns)  Path(ns)    Netlist Resource(s)
  -------------------------------------------------------------------    -------------------
    SLICE_X54Y97         FDRE                         0.000     0.000 r  vga/v_counter_reg[7]/C
    SLICE_X54Y97         FDRE (Prop_fdre_C_Q)         0.518     0.518 r  vga/v_counter_reg[7]/Q
                         net (fo=7, routed)           1.312     1.830    vga/v_counter[7]
    SLICE_X57Y96         LUT3 (Prop_lut3_I0_O)        0.152     1.982 r  vga/VGA_address_i_3/O
                         net (fo=1, routed)           0.531     2.513    next_y[7]
    DSP48_X1Y38          DSP48E1 (Prop_dsp48e1_A[7]_P[15])
                                                      4.043     6.556 f  VGA_address/P[15]
                         net (fo=114, routed)         8.068    14.625    <hidden>
    SLICE_X72Y37         LUT5 (Prop_lut5_I3_O)        0.152    14.777 r  <hidden>
                         net (fo=1, routed)           1.335    16.111    <hidden>
    RAMB36_X2Y2          RAMB36E1                                     r  <hidden>
  -------------------------------------------------------------------    -------------------

Slack:                    inf
  Source:                 vga/v_counter_reg[7]/C
                            (rising edge-triggered cell FDRE)
  Destination:            <hidden>
  Path Group:             (none)
  Path Type:              Max at Slow Process Corner
  Data Path Delay:        16.003ns  (logic 4.713ns (29.450%)  route 11.290ns (70.550%))
  Logic Levels:           3  (DSP48E1=1 FDRE=1 LUT3=1)

    Location             Delay type                Incr(ns)  Path(ns)    Netlist Resource(s)
  -------------------------------------------------------------------    -------------------
    SLICE_X54Y97         FDRE                         0.000     0.000 r  vga/v_counter_reg[7]/C
    SLICE_X54Y97         FDRE (Prop_fdre_C_Q)         0.518     0.518 r  vga/v_counter_reg[7]/Q
                         net (fo=7, routed)           1.312     1.830    vga/v_counter[7]
    SLICE_X57Y96         LUT3 (Prop_lut3_I0_O)        0.152     1.982 r  vga/VGA_address_i_3/O
                         net (fo=1, routed)           0.531     2.513    next_y[7]
    DSP48_X1Y38          DSP48E1 (Prop_dsp48e1_A[7]_P[15])
                                                      4.043     6.556 r  VGA_address/P[15]
                         net (fo=114, routed)         9.447    16.003    <hidden>
    RAMB36_X2Y0          RAMB36E1                                     r  <hidden>
  -------------------------------------------------------------------    -------------------

Slack:                    inf
  Source:                 vga/v_counter_reg[7]/C
                            (rising edge-triggered cell FDRE)
  Destination:            <hidden>
  Path Group:             (none)
  Path Type:              Max at Slow Process Corner
  Data Path Delay:        15.885ns  (logic 4.713ns (29.670%)  route 11.172ns (70.330%))
  Logic Levels:           3  (DSP48E1=1 FDRE=1 LUT3=1)

    Location             Delay type                Incr(ns)  Path(ns)    Netlist Resource(s)
  -------------------------------------------------------------------    -------------------
    SLICE_X54Y97         FDRE                         0.000     0.000 r  vga/v_counter_reg[7]/C
    SLICE_X54Y97         FDRE (Prop_fdre_C_Q)         0.518     0.518 r  vga/v_counter_reg[7]/Q
                         net (fo=7, routed)           1.312     1.830    vga/v_counter[7]
    SLICE_X57Y96         LUT3 (Prop_lut3_I0_O)        0.152     1.982 r  vga/VGA_address_i_3/O
                         net (fo=1, routed)           0.531     2.513    next_y[7]
    DSP48_X1Y38          DSP48E1 (Prop_dsp48e1_A[7]_P[15])
                                                      4.043     6.556 r  VGA_address/P[15]
                         net (fo=114, routed)         9.328    15.885    <hidden>
    RAMB36_X1Y2          RAMB36E1                                     r  <hidden>
  -------------------------------------------------------------------    -------------------

Slack:                    inf
  Source:                 vga/v_counter_reg[7]/C
                            (rising edge-triggered cell FDRE)
  Destination:            <hidden>
  Path Group:             (none)
  Path Type:              Max at Slow Process Corner
  Data Path Delay:        15.813ns  (logic 4.837ns (30.588%)  route 10.976ns (69.412%))
  Logic Levels:           4  (DSP48E1=1 FDRE=1 LUT3=1 LUT5=1)

    Location             Delay type                Incr(ns)  Path(ns)    Netlist Resource(s)
  -------------------------------------------------------------------    -------------------
    SLICE_X54Y97         FDRE                         0.000     0.000 r  vga/v_counter_reg[7]/C
    SLICE_X54Y97         FDRE (Prop_fdre_C_Q)         0.518     0.518 r  vga/v_counter_reg[7]/Q
                         net (fo=7, routed)           1.312     1.830    vga/v_counter[7]
    SLICE_X57Y96         LUT3 (Prop_lut3_I0_O)        0.152     1.982 r  vga/VGA_address_i_3/O
                         net (fo=1, routed)           0.531     2.513    next_y[7]
    DSP48_X1Y38          DSP48E1 (Prop_dsp48e1_A[7]_P[15])
                                                      4.043     6.556 f  VGA_address/P[15]
                         net (fo=114, routed)         8.068    14.625    <hidden>
    SLICE_X72Y37         LUT5 (Prop_lut5_I3_O)        0.124    14.749 r  <hidden>
                         net (fo=1, routed)           1.065    15.813    <hidden>
    RAMB36_X2Y4          RAMB36E1                                     r  <hidden>
  -------------------------------------------------------------------    -------------------





Min Delay Paths
--------------------------------------------------------------------------------------
Slack:                    inf
  Source:                 vga/line_done_reg/C
                            (rising edge-triggered cell FDRE)
  Destination:            vga/v_counter_reg[0]/CE
  Path Group:             (none)
  Path Type:              Min at Fast Process Corner
  Data Path Delay:        0.268ns  (logic 0.128ns (47.803%)  route 0.140ns (52.197%))
  Logic Levels:           1  (FDRE=1)

    Location             Delay type                Incr(ns)  Path(ns)    Netlist Resource(s)
  -------------------------------------------------------------------    -------------------
    SLICE_X52Y95         FDRE                         0.000     0.000 r  vga/line_done_reg/C
    SLICE_X52Y95         FDRE (Prop_fdre_C_Q)         0.128     0.128 r  vga/line_done_reg/Q
                         net (fo=16, routed)          0.140     0.268    vga/line_done_reg_n_0
    SLICE_X54Y96         FDRE                                         r  vga/v_counter_reg[0]/CE
  -------------------------------------------------------------------    -------------------

Slack:                    inf
  Source:                 vga/line_done_reg/C
                            (rising edge-triggered cell FDRE)
  Destination:            vga/v_counter_reg[2]/CE
  Path Group:             (none)
  Path Type:              Min at Fast Process Corner
  Data Path Delay:        0.268ns  (logic 0.128ns (47.803%)  route 0.140ns (52.197%))
  Logic Levels:           1  (FDRE=1)

    Location             Delay type                Incr(ns)  Path(ns)    Netlist Resource(s)
  -------------------------------------------------------------------    -------------------
    SLICE_X52Y95         FDRE                         0.000     0.000 r  vga/line_done_reg/C
    SLICE_X52Y95         FDRE (Prop_fdre_C_Q)         0.128     0.128 r  vga/line_done_reg/Q
                         net (fo=16, routed)          0.140     0.268    vga/line_done_reg_n_0
    SLICE_X54Y96         FDRE                                         r  vga/v_counter_reg[2]/CE
  -------------------------------------------------------------------    -------------------

Slack:                    inf
  Source:                 vga/line_done_reg/C
                            (rising edge-triggered cell FDRE)
  Destination:            vga/v_counter_reg[5]/CE
  Path Group:             (none)
  Path Type:              Min at Fast Process Corner
  Data Path Delay:        0.268ns  (logic 0.128ns (47.803%)  route 0.140ns (52.197%))
  Logic Levels:           1  (FDRE=1)

    Location             Delay type                Incr(ns)  Path(ns)    Netlist Resource(s)
  -------------------------------------------------------------------    -------------------
    SLICE_X52Y95         FDRE                         0.000     0.000 r  vga/line_done_reg/C
    SLICE_X52Y95         FDRE (Prop_fdre_C_Q)         0.128     0.128 r  vga/line_done_reg/Q
                         net (fo=16, routed)          0.140     0.268    vga/line_done_reg_n_0
    SLICE_X54Y96         FDRE                                         r  vga/v_counter_reg[5]/CE
  -------------------------------------------------------------------    -------------------

Slack:                    inf
  Source:                 vga/h_counter_reg[5]/C
                            (rising edge-triggered cell FDRE)
  Destination:            vga/h_counter_reg[8]/D
  Path Group:             (none)
  Path Type:              Min at Fast Process Corner
  Data Path Delay:        0.320ns  (logic 0.186ns (58.110%)  route 0.134ns (41.890%))
  Logic Levels:           2  (FDRE=1 LUT5=1)

    Location             Delay type                Incr(ns)  Path(ns)    Netlist Resource(s)
  -------------------------------------------------------------------    -------------------
    SLICE_X53Y94         FDRE                         0.000     0.000 r  vga/h_counter_reg[5]/C
    SLICE_X53Y94         FDRE (Prop_fdre_C_Q)         0.141     0.141 r  vga/h_counter_reg[5]/Q
                         net (fo=9, routed)           0.134     0.275    vga/h_counter[5]
    SLICE_X52Y94         LUT5 (Prop_lut5_I2_O)        0.045     0.320 r  vga/h_counter[8]_i_1/O
                         net (fo=1, routed)           0.000     0.320    vga/p_0_out__1[8]
    SLICE_X52Y94         FDRE                                         r  vga/h_counter_reg[8]/D
  -------------------------------------------------------------------    -------------------

Slack:                    inf
  Source:                 vga/line_done_reg/C
                            (rising edge-triggered cell FDRE)
  Destination:            vga/v_counter_reg[4]/CE
  Path Group:             (none)
  Path Type:              Min at Fast Process Corner
  Data Path Delay:        0.328ns  (logic 0.128ns (39.021%)  route 0.200ns (60.979%))
  Logic Levels:           1  (FDRE=1)

    Location             Delay type                Incr(ns)  Path(ns)    Netlist Resource(s)
  -------------------------------------------------------------------    -------------------
    SLICE_X52Y95         FDRE                         0.000     0.000 r  vga/line_done_reg/C
    SLICE_X52Y95         FDRE (Prop_fdre_C_Q)         0.128     0.128 r  vga/line_done_reg/Q
                         net (fo=16, routed)          0.200     0.328    vga/line_done_reg_n_0
    SLICE_X55Y96         FDRE                                         r  vga/v_counter_reg[4]/CE
  -------------------------------------------------------------------    -------------------

Slack:                    inf
  Source:                 vga/v_state_reg[0]/C
                            (rising edge-triggered cell FDRE)
  Destination:            vga/green_reg_reg[1]/D
  Path Group:             (none)
  Path Type:              Min at Fast Process Corner
  Data Path Delay:        0.343ns  (logic 0.186ns (54.285%)  route 0.157ns (45.715%))
  Logic Levels:           2  (FDRE=1 LUT5=1)

    Location             Delay type                Incr(ns)  Path(ns)    Netlist Resource(s)
  -------------------------------------------------------------------    -------------------
    SLICE_X53Y97         FDRE                         0.000     0.000 r  vga/v_state_reg[0]/C
    SLICE_X53Y97         FDRE (Prop_fdre_C_Q)         0.141     0.141 f  vga/v_state_reg[0]/Q
                         net (fo=14, routed)          0.157     0.298    vga/v_state[0]
    SLICE_X52Y97         LUT5 (Prop_lut5_I2_O)        0.045     0.343 r  vga/green_reg[1]_i_1/O
                         net (fo=1, routed)           0.000     0.343    vga/green_reg[1]_i_1_n_0
    SLICE_X52Y97         FDRE                                         r  vga/green_reg_reg[1]/D
  -------------------------------------------------------------------    -------------------

Slack:                    inf
  Source:                 vga/v_state_reg[0]/C
                            (rising edge-triggered cell FDRE)
  Destination:            vga/red_reg_reg[2]/D
  Path Group:             (none)
  Path Type:              Min at Fast Process Corner
  Data Path Delay:        0.344ns  (logic 0.186ns (54.127%)  route 0.158ns (45.873%))
  Logic Levels:           2  (FDRE=1 LUT5=1)

    Location             Delay type                Incr(ns)  Path(ns)    Netlist Resource(s)
  -------------------------------------------------------------------    -------------------
    SLICE_X53Y97         FDRE                         0.000     0.000 r  vga/v_state_reg[0]/C
    SLICE_X53Y97         FDRE (Prop_fdre_C_Q)         0.141     0.141 f  vga/v_state_reg[0]/Q
                         net (fo=14, routed)          0.158     0.299    vga/v_state[0]
    SLICE_X52Y97         LUT5 (Prop_lut5_I2_O)        0.045     0.344 r  vga/red_reg[2]_i_1/O
                         net (fo=1, routed)           0.000     0.344    vga/red_reg[2]_i_1_n_0
    SLICE_X52Y97         FDRE                                         r  vga/red_reg_reg[2]/D
  -------------------------------------------------------------------    -------------------

Slack:                    inf
  Source:                 vga/FSM_sequential_v_state_reg[0]/C
                            (rising edge-triggered cell FDRE)
  Destination:            vga/v_counter_reg[8]/D
  Path Group:             (none)
  Path Type:              Min at Fast Process Corner
  Data Path Delay:        0.349ns  (logic 0.186ns (53.233%)  route 0.163ns (46.767%))
  Logic Levels:           2  (FDRE=1 LUT6=1)

    Location             Delay type                Incr(ns)  Path(ns)    Netlist Resource(s)
  -------------------------------------------------------------------    -------------------
    SLICE_X53Y98         FDRE                         0.000     0.000 r  vga/FSM_sequential_v_state_reg[0]/C
    SLICE_X53Y98         FDRE (Prop_fdre_C_Q)         0.141     0.141 r  vga/FSM_sequential_v_state_reg[0]/Q
                         net (fo=20, routed)          0.163     0.304    vga/v_state__0[0]
    SLICE_X54Y98         LUT6 (Prop_lut6_I1_O)        0.045     0.349 r  vga/v_counter[8]_i_1/O
                         net (fo=1, routed)           0.000     0.349    vga/v_counter[8]_i_1_n_0
    SLICE_X54Y98         FDRE                                         r  vga/v_counter_reg[8]/D
  -------------------------------------------------------------------    -------------------

Slack:                    inf
  Source:                 vga/h_counter_reg[5]/C
                            (rising edge-triggered cell FDRE)
  Destination:            vga/h_counter_reg[4]/D
  Path Group:             (none)
  Path Type:              Min at Fast Process Corner
  Data Path Delay:        0.353ns  (logic 0.186ns (52.622%)  route 0.167ns (47.378%))
  Logic Levels:           2  (FDRE=1 LUT6=1)

    Location             Delay type                Incr(ns)  Path(ns)    Netlist Resource(s)
  -------------------------------------------------------------------    -------------------
    SLICE_X53Y94         FDRE                         0.000     0.000 r  vga/h_counter_reg[5]/C
    SLICE_X53Y94         FDRE (Prop_fdre_C_Q)         0.141     0.141 r  vga/h_counter_reg[5]/Q
                         net (fo=9, routed)           0.167     0.308    vga/h_counter[5]
    SLICE_X53Y94         LUT6 (Prop_lut6_I2_O)        0.045     0.353 r  vga/h_counter[4]_i_1/O
                         net (fo=1, routed)           0.000     0.353    vga/p_0_out__1[4]
    SLICE_X53Y94         FDRE                                         r  vga/h_counter_reg[4]/D
  -------------------------------------------------------------------    -------------------

Slack:                    inf
  Source:                 vga/FSM_sequential_h_state_reg[0]/C
                            (rising edge-triggered cell FDRE)
  Destination:            vga/h_counter_reg[1]/D
  Path Group:             (none)
  Path Type:              Min at Fast Process Corner
  Data Path Delay:        0.358ns  (logic 0.186ns (51.919%)  route 0.172ns (48.081%))
  Logic Levels:           2  (FDRE=1 LUT6=1)

    Location             Delay type                Incr(ns)  Path(ns)    Netlist Resource(s)
  -------------------------------------------------------------------    -------------------
    SLICE_X52Y94         FDRE                         0.000     0.000 r  vga/FSM_sequential_h_state_reg[0]/C
    SLICE_X52Y94         FDRE (Prop_fdre_C_Q)         0.141     0.141 r  vga/FSM_sequential_h_state_reg[0]/Q
                         net (fo=33, routed)          0.172     0.313    vga/h_state__0[0]
    SLICE_X52Y93         LUT6 (Prop_lut6_I3_O)        0.045     0.358 r  vga/h_counter[1]_i_1/O
                         net (fo=1, routed)           0.000     0.358    vga/p_0_out__1[1]
    SLICE_X52Y93         FDRE                                         r  vga/h_counter_reg[1]/D
  -------------------------------------------------------------------    -------------------





--------------------------------------------------------------------------------------
Path Group:  (none)
From Clock:  
  To Clock:  sys_clk_pin

Max Delay             1 Endpoint
Min Delay             1 Endpoint
--------------------------------------------------------------------------------------


Max Delay Paths
--------------------------------------------------------------------------------------
Slack:                    inf
  Source:                 RsRx
                            (input port)
  Destination:            uart_input_manager/uart_rx/major_buf_reg[0]/D
                            (rising edge-triggered cell FDRE clocked by sys_clk_pin  {rise@0.000ns fall@5.000ns period=10.000ns})
  Path Group:             (none)
  Path Type:              Setup (Max at Slow Process Corner)
  Data Path Delay:        4.662ns  (logic 1.490ns (31.954%)  route 3.172ns (68.046%))
  Logic Levels:           1  (IBUF=1)
  Clock Path Skew:        4.926ns (DCD - SCD + CPR)
    Destination Clock Delay (DCD):    4.926ns
    Source Clock Delay      (SCD):    0.000ns
    Clock Pessimism Removal (CPR):    0.000ns
  Clock Uncertainty:      0.025ns  ((TSJ^2 + TIJ^2)^1/2 + DJ) / 2 + PE
    Total System Jitter     (TSJ):    0.050ns
    Total Input Jitter      (TIJ):    0.000ns
    Discrete Jitter          (DJ):    0.000ns
    Phase Error              (PE):    0.000ns

    Location             Delay type                Incr(ns)  Path(ns)    Netlist Resource(s)
  -------------------------------------------------------------------    -------------------
    C4                                                0.000     0.000 r  RsRx (IN)
                         net (fo=0)                   0.000     0.000    RsRx
    C4                   IBUF (Prop_ibuf_I_O)         1.490     1.490 r  RsRx_IBUF_inst/O
                         net (fo=1, routed)           3.172     4.662    uart_input_manager/uart_rx/D[0]
    SLICE_X56Y89         FDRE                                         r  uart_input_manager/uart_rx/major_buf_reg[0]/D
  -------------------------------------------------------------------    -------------------

                         (clock sys_clk_pin rise edge)
                                                      0.000     0.000 r  
    E3                                                0.000     0.000 r  clk (IN)
                         net (fo=0)                   0.000     0.000    clk
    E3                   IBUF (Prop_ibuf_I_O)         1.411     1.411 r  clk_IBUF_inst/O
                         net (fo=1, routed)           1.920     3.331    clk_IBUF
    BUFGCTRL_X0Y16       BUFG (Prop_bufg_I_O)         0.091     3.422 r  clk_IBUF_BUFG_inst/O
                         net (fo=913, routed)         1.503     4.926    uart_input_manager/uart_rx/clk_IBUF_BUFG
    SLICE_X56Y89         FDRE                                         r  uart_input_manager/uart_rx/major_buf_reg[0]/C





Min Delay Paths
--------------------------------------------------------------------------------------
Slack:                    inf
  Source:                 RsRx
                            (input port)
  Destination:            uart_input_manager/uart_rx/major_buf_reg[0]/D
                            (rising edge-triggered cell FDRE clocked by sys_clk_pin  {rise@0.000ns fall@5.000ns period=10.000ns})
  Path Group:             (none)
  Path Type:              Hold (Min at Fast Process Corner)
  Data Path Delay:        1.727ns  (logic 0.257ns (14.910%)  route 1.469ns (85.090%))
  Logic Levels:           1  (IBUF=1)
  Clock Path Skew:        1.998ns (DCD - SCD - CPR)
    Destination Clock Delay (DCD):    1.998ns
    Source Clock Delay      (SCD):    0.000ns
    Clock Pessimism Removal (CPR):    -0.000ns

    Location             Delay type                Incr(ns)  Path(ns)    Netlist Resource(s)
  -------------------------------------------------------------------    -------------------
    C4                                                0.000     0.000 r  RsRx (IN)
                         net (fo=0)                   0.000     0.000    RsRx
    C4                   IBUF (Prop_ibuf_I_O)         0.257     0.257 r  RsRx_IBUF_inst/O
                         net (fo=1, routed)           1.469     1.727    uart_input_manager/uart_rx/D[0]
    SLICE_X56Y89         FDRE                                         r  uart_input_manager/uart_rx/major_buf_reg[0]/D
  -------------------------------------------------------------------    -------------------

                         (clock sys_clk_pin rise edge)
                                                      0.000     0.000 r  
    E3                                                0.000     0.000 r  clk (IN)
                         net (fo=0)                   0.000     0.000    clk
    E3                   IBUF (Prop_ibuf_I_O)         0.438     0.438 r  clk_IBUF_inst/O
                         net (fo=1, routed)           0.699     1.136    clk_IBUF
    BUFGCTRL_X0Y16       BUFG (Prop_bufg_I_O)         0.029     1.165 r  clk_IBUF_BUFG_inst/O
                         net (fo=913, routed)         0.833     1.998    uart_input_manager/uart_rx/clk_IBUF_BUFG
    SLICE_X56Y89         FDRE                                         r  uart_input_manager/uart_rx/major_buf_reg[0]/C





